Type,Target,Label,Name,Anmerkung KHM
Class,http://arkumu.org/data/types/akteurin,Akteurin,"03_Personen_Akteurinnen,05_PersonenBetreuende",
Class,http://arkumu.org/data/types/akteurin-akteurin-kreuztabelle,Akteurin Akteurin Kreuztabelle,,
Class,http://arkumu.org/data/types/akteurin-ereignis-kreuztabelle,Akteurin Ereignis Kreuztabelle,"02_Kreuz_Projekte_Personen,04_Kreuz_Betreuende_Projekte",
Class,http://arkumu.org/data/types/alternativer-titel,Alternativer Titel,,
Class,http://arkumu.org/data/types/beschreibung,Beschreibung,,
Class,http://arkumu.org/data/types/bestehender-lizenzvertrag,Bestehender Lizenzvertrag,,
Class,http://arkumu.org/data/types/digitales-objekt,Digitales Objekt,"12_Media_DigitaleObjekte,13b_Track_DigitaleObjekte",
Class,http://arkumu.org/data/types/digitales-objekt-lizenz,Digitales Objekt Lizenz,,
Class,http://arkumu.org/data/types/einliefernde-hochschule,Einliefernde Hochschule,,
Class,http://arkumu.org/data/types/equipment-und-software,Equipment Und Software,19_Equipment_und_Software,
Class,http://arkumu.org/data/types/equipmentart,Equipmentart,20_Equipmentart,
Class,http://arkumu.org/data/types/ereignis,Ereignis,"01_Grundereignis,06_Auszeichnungen_Projekte,17_Events_weitereEreignisse",
Class,http://arkumu.org/data/types/ereignis-ereignis-kreuztabelle,Ereignis Ereignis Kreuztabelle,,
Class,http://arkumu.org/data/types/ereignisbeschreibung,Ereignisbeschreibung,,
Class,http://arkumu.org/data/types/ereigniseigenschaft,Ereigniseigenschaft,,
Class,http://arkumu.org/data/types/ereigniseigenschaft-kreuztabelle,Ereigniseigenschaft Kreuztabelle,,
Class,http://arkumu.org/data/types/ereignistyp,Ereignistyp,,
Class,http://arkumu.org/data/types/informationstraeger,Informationstraeger,10_PhysMedien_Informationstraeger,
Class,http://arkumu.org/data/types/informationstraeger-kreuztabelle,Informationstraeger Kreuztabelle,09_Kreuz_Projekte_Informationsträger,
Class,http://arkumu.org/data/types/informationstraegereigenschaft,Informationstraegereigenschaft,,
Class,http://arkumu.org/data/types/informationstraegertyp,Informationstraegertyp,,
Class,http://arkumu.org/data/types/materialschlagwort,Materialschlagwort,,
Class,http://arkumu.org/data/types/nummernart,Nummernart,,
Class,http://arkumu.org/data/types/organisationseinheit,Organisationseinheit,,
Class,http://arkumu.org/data/types/ort,Ort,,
Class,http://arkumu.org/data/types/physisches-objekt,Physisches Objekt,21_PhysischesObjekt,
Class,http://arkumu.org/data/types/produktid-kreuztabelle,Produktid Kreuztabelle,,
Class,http://arkumu.org/data/types/projekt,Projekt,00_Projekte,
Class,http://arkumu.org/data/types/projekt-projekt-kreuztabelle,Projekt Projekt Kreuztabelle,,
Class,http://arkumu.org/data/types/projektart,Projektart,,
Class,http://arkumu.org/data/types/projekteigenschaft,Projekteigenschaft,,
Class,http://arkumu.org/data/types/projekteigenschaft-kreuztabelle,Projekteigenschaft Kreuztabelle,,
Class,http://arkumu.org/data/types/projektkategorie,Projektkategorie,,
Class,http://arkumu.org/data/types/rolle,Rolle,,
Class,http://arkumu.org/data/types/sammlung,Sammlung,,
Class,http://arkumu.org/data/types/schlagwort,Schlagwort,08_Keywords,
Class,http://arkumu.org/data/types/sprache,Sprache,,
Class,http://arkumu.org/data/types/technikschlagwort,Technikschlagwort,,
Property,http://arkumu.org/data/properties/aat-id,Aat Id,AAT_ID,
Property,http://arkumu.org/data/properties/akteurin-akteurin-id,Akteurin Akteurin Id,,
Property,http://arkumu.org/data/properties/akteurin-ereignis-id,Akteurin Ereignis Id,AS_ID,
Property,http://arkumu.org/data/properties/akteurin-id,Akteurin Id,,"nutze ""Datensatz Id Beim Einlieferer"", RB sagt er nutzt dieses nicht, gibt es auch nicht im Datenmodell"
Property,http://arkumu.org/data/properties/akteurin-im-ereignis,Akteurin Im Ereignis,"AS_Pers_ID,PE_ID_fk",
Property,http://arkumu.org/data/properties/akteurin,Akteurin,
Property,http://arkumu.org/data/properties/alternativer-name,Alternativer Name,,
Property,http://arkumu.org/data/properties/alternativer-titel,Alternativer Titel,"Titel_erster_alternativer_Titel,Titel_zweiter_alternativer_Titel",
Property,http://arkumu.org/data/properties/alternativer-titel-set,Alternativer Titel Set,,
Property,http://arkumu.org/data/properties/alternativer-titel-set-id,Alternativer Titel Set Id,,
Property,http://arkumu.org/data/properties/alternativer-untertitel,Alternativer Untertitel,"Titel_erster_alternativer_Untertitel,Titel_zweiter_alternativer_Untertitel",
Property,http://arkumu.org/data/properties/andere-normdaten,Andere Normdaten,PE_Normdatum_andere,
Property,http://arkumu.org/data/properties/angegebene-nutzungsrechte,Angegebene Nutzungsrechte,,
Property,http://arkumu.org/data/properties/anzeigestatus,Anzeigestatus,_ist_arkumu_Preview,
Property,http://arkumu.org/data/properties/art-des-lizenzvertrages,Art Des Lizenzvertrages,_globale_Exportvariablen_arkumu_Art des Lizenzvertrages,
Property,http://arkumu.org/data/properties/aufbewahrungsort,Aufbewahrungsort,Standort_calc,
Property,http://arkumu.org/data/properties/aufloesungsort,Aufloesungsort,,
Property,http://arkumu.org/data/properties/ausgangsakteurin,Ausgangsakteurin,,
Property,http://arkumu.org/data/properties/ausgangsereignis,Ausgangsereignis,,
Property,http://arkumu.org/data/properties/ausgangsprojekt,Ausgangsprojekt,,
Property,http://arkumu.org/data/properties/beruf-und-taetigkeit,Beruf Und Taetigkeit,,
Property,http://arkumu.org/data/properties/beschreibung,Beschreibung,"_Beschreibung_verkettet,_EreignisHerstellungBeschreibung_verkettet,_Beschreibung_verkettet,Beschreibung_DE,Projekte_Material_Beschreibung_calc,Media_Dateipfad kurz.Beschreibung_DE,__TC_Info_aus_Kreuztabelle",
Property,http://arkumu.org/data/properties/beschreibung-id,Beschreibung Id,,
Property,http://arkumu.org/data/properties/besitzerin,Besitzerin,,
Property,http://arkumu.org/data/properties/besitzt-leistungsschutzrechte,Besitzt Leistungsschutzrechte,besitzt_Leistungsschutzrechte,
Property,http://arkumu.org/data/properties/bestehender-lizenzvertrag,Bestehender Lizenzvertrag,_globale_Exportvariablen_arkumu_Bestehender Lizenzvertrag,
Property,http://arkumu.org/data/properties/bestehender-lizenzvertrag-id,Bestehender Lizenzvertrag Id,,
Property,http://arkumu.org/data/properties/bevorzugter-titel,Bevorzugter Titel,Originaltitel,
Property,http://arkumu.org/data/properties/bevorzugter-untertitel,Bevorzugter Untertitel,Untertitel,
Property,http://arkumu.org/data/properties/beziehung,Beziehung,,
Property,http://arkumu.org/data/properties/bildbeschreibung-deutsch,Bildbeschreibung Deutsch,,
Property,http://arkumu.org/data/properties/bildbeschreibung-englisch,Bildbeschreibung Englisch,,
Property,http://arkumu.org/data/properties/dateiabfragedokument,Dateiabfragedokument,,
Property,http://arkumu.org/data/properties/dateiname,Dateiname,"Dateipfad kurz,Dateiname_Kurz,Dateiname_arkumu_web",
Property,http://arkumu.org/data/properties/dateipaket,Dateipaket,,
Property,http://arkumu.org/data/properties/dateipfad,Dateipfad,"Dateipfad_absolut,Dateipfad_DCP_Ordner",
Property,http://arkumu.org/data/properties/datensatz-id-beim-einlieferer,Datensatz Id Beim Einlieferer,"UUID,PE_ID,PE_UUID,Projekt_ID,Projekt_UUID,AS_ID,Kreuz_Lehrende_Proj_ID_pk,Auszeichnungen_Projekte_Ausz_ID,Kreuz_Projekte_Keywords_ID,Keyword_ID,Kreuz_PhysMedien_Proj_ID_pk,PhysMedien_ID,ID,DAT_ID,TR_ID,TR_UUID,Kr_Einlad_ID,Event_ID,Kreuz_Projekte_Equipment_ID,Equipment_ID,Equipmentart_ID,Projekte_Projekt_ID,_arkumu_preview_UUID,Projekte_Projekt_UUID,_arkumu_preview_UUID",
Property,http://arkumu.org/data/properties/datensatzerstellung-beim-einlieferer,Datensatzerstellung Beim Einlieferer,"SQL_Pr_ErstellungsTS,__SQL_TS_Created,Auszeichnungen_Projekte___SQL_TS_Created,SQL_ErstellungsTS,Projekte_SQL_Pr_ErstellungsTS",
Property,http://arkumu.org/data/properties/dcp-art,Dcp Art,,
Property,http://arkumu.org/data/properties/defines-entity-type,Defines Entity Type,,
Property,http://arkumu.org/data/properties/defines-property,Defines Property,,
Property,http://arkumu.org/data/properties/derivatkopie-nummer,Derivatkopie Nummer,,
Property,http://arkumu.org/data/properties/deutsche-beschreibung,Deutsche Beschreibung,"_Beschreibung_verkettet,_EreignisHerstellungBeschreibung_verkettet,_Beschreibung_verkettet,Beschreibung_DE,Projekte_Material_Beschreibung_calc,Media_Dateipfad kurz.Beschreibung_DE,__TC_Info_aus_Kreuztabelle",
Property,http://arkumu.org/data/properties/deutsche-bezeichnung,Deutsche Bezeichnung,,
Property,http://arkumu.org/data/properties/deutsche-bezeichnung-des-lizenzvertrags,Deutsche Bezeichnung Des Lizenzvertrags,,
Property,http://arkumu.org/data/properties/deutsche-inhaltliche-beschreibung,Deutsche Inhaltliche Beschreibung,"Description_DE_verkettet,Projekte_Material_Titel_calc",wird bei RB nur für d.o. benutzt
Property,http://arkumu.org/data/properties/deutsche-kurzbiografie,Deutsche Kurzbiografie,,
Property,http://arkumu.org/data/properties/deutsche-produkt-bezeichnung,Deutsche Produkt Bezeichnung,Equipment_deu,
Property,http://arkumu.org/data/properties/deutscher-anzeigetext,Deutscher Anzeigetext,,
Property,http://arkumu.org/data/properties/deutscher-kommentar,Deutscher Kommentar,,
Property,http://arkumu.org/data/properties/deutscher-name,Deutscher Name,Name_gesamt_natürlicheReihenfolge_calc_export,
Property,http://arkumu.org/data/properties/deutscher-name-der-einliefernden-hochschule,Deutscher Name Der Einliefernden Hochschule,,
Property,http://arkumu.org/data/properties/deutscher-name-der-equipmentart,Deutscher Name Der Equipmentart,Equipmentart_deu,
Property,http://arkumu.org/data/properties/deutscher-name-der-ereigniseigenschaft,Deutscher Name Der Ereigniseigenschaft,,
Property,http://arkumu.org/data/properties/deutscher-name-der-informationstraegereigenschaft,Deutscher Name Der Informationstraegereigenschaft,,
Property,http://arkumu.org/data/properties/deutscher-name-der-lizenz,Deutscher Name Der Lizenz,,
Property,http://arkumu.org/data/properties/deutscher-name-der-nummernart,Deutscher Name Der Nummernart,,
Property,http://arkumu.org/data/properties/deutscher-name-der-organisationseinheit-breadcrumb,Deutscher Name Der Organisationseinheit Breadcrumb,,
Property,http://arkumu.org/data/properties/deutscher-name-der-projektart,Deutscher Name Der Projektart,Projektart_calc,
Property,http://arkumu.org/data/properties/deutscher-name-der-projekteigenschaft,Deutscher Name Der Projekteigenschaft,,
Property,http://arkumu.org/data/properties/deutscher-name-der-projektkategorie-breadcrumb,Deutscher Name Der Projektkategorie Breadcrumb,,
Property,http://arkumu.org/data/properties/deutscher-name-der-rolle-breadcrumb,Deutscher Name Der Rolle Breadcrumb,,
Property,http://arkumu.org/data/properties/deutscher-name-der-sammlung,Deutscher Name Der Sammlung,,
Property,http://arkumu.org/data/properties/deutscher-name-der-sprache,Deutscher Name Der Sprache,,
Property,http://arkumu.org/data/properties/deutscher-name-des-ereignistyps,Deutscher Name Des Ereignistyps,,
Property,http://arkumu.org/data/properties/deutscher-name-des-informationstraegertyps-breadcrumb,Deutscher Name Des Informationstraegertyps Breadcrumb,,
Property,http://arkumu.org/data/properties/deutscher-name-des-ortes,Deutscher Name Des Ortes,,
Property,http://arkumu.org/data/properties/deutsches-wikidata-label,Deutsches Wikidata Label,Keyword_deu,
Property,http://arkumu.org/data/properties/deutscher-name-des-schlagworts,Deutscher Name Des Schlagworts,Keyword_deu,
Property,http://arkumu.org/data/properties/digitales-objekt,Digitales Objekt,DAT_ID,
Property,http://arkumu.org/data/properties/digitales-objekt-id,Digitales Objekt Id,
Property,http://arkumu.org/data/properties/digitales-objekt-lizenz-id,Digitales Objekt Lizenz Id,,
Property,http://arkumu.org/data/properties/eigenschaft,Eigenschaft,,
Property,http://arkumu.org/data/properties/eigentuemerin,Eigentuemerin,,
Property,http://arkumu.org/data/properties/einheit,Einheit,,
Property,http://arkumu.org/data/properties/einlieferer,Einlieferer,,
Property,http://arkumu.org/data/properties/einliefernde-hochschule,Einliefernde Hochschule,_globale_Exportvariablen_arkumu_Einliefernde Hochschule,
Property,http://arkumu.org/data/properties/einliefernde-hochschule-id,Einliefernde Hochschule Id,,
Property,http://arkumu.org/data/properties/englische-beschreibung,Englische Beschreibung,"Kurzinformation_engl,Beschreibung_EN",
Property,http://arkumu.org/data/properties/englische-bezeichnung,Englische Bezeichnung,,
Property,http://arkumu.org/data/properties/englische-bezeichnung-des-lizenzvertrags,Englische Bezeichnung Des Lizenzvertrags,,
Property,http://arkumu.org/data/properties/englische-inhaltliche-beschreibung,Englische Inhaltliche Beschreibung,Description_EN_verkettet,wird bei RB nur für d.o. benutzt
Property,http://arkumu.org/data/properties/englische-kurzbiografie,Englische Kurzbiografie,,
Property,http://arkumu.org/data/properties/englische-produkt-bezeichnung,Englische Produkt Bezeichnung,Equipment_eng,
Property,http://arkumu.org/data/properties/englischer-anzeigetext,Englischer Anzeigetext,,
Property,http://arkumu.org/data/properties/englischer-kommentar,Englischer Kommentar,,
Property,http://arkumu.org/data/properties/englischer-name,Englischer Name,,
Property,http://arkumu.org/data/properties/englischer-name-der-einliefernden-hochschule,Englischer Name Der Einliefernden Hochschule,,
Property,http://arkumu.org/data/properties/englischer-name-der-equipmentart,Englischer Name Der Equipmentart,Equipmentart_eng,
Property,http://arkumu.org/data/properties/englischer-name-der-ereigniseigenschaft,Englischer Name Der Ereigniseigenschaft,,
Property,http://arkumu.org/data/properties/englischer-name-der-informationstraegereigenschaft,Englischer Name Der Informationstraegereigenschaft,,
Property,http://arkumu.org/data/properties/englischer-name-der-lizenz,Englischer Name Der Lizenz,,
Property,http://arkumu.org/data/properties/englischer-name-der-nummernart,Englischer Name Der Nummernart,,
Property,http://arkumu.org/data/properties/englischer-name-der-organisationseinheit-breadcrumb,Englischer Name Der Organisationseinheit Breadcrumb,,
Property,http://arkumu.org/data/properties/englischer-name-der-projektart,Englischer Name Der Projektart,,
Property,http://arkumu.org/data/properties/englischer-name-der-projekteigenschaft,Englischer Name Der Projekteigenschaft,,
Property,http://arkumu.org/data/properties/englischer-name-der-projektkategorie-breadcrumb,Englischer Name Der Projektkategorie Breadcrumb,,
Property,http://arkumu.org/data/properties/englischer-name-der-rolle-breadcrumb,Englischer Name Der Rolle Breadcrumb,,
Property,http://arkumu.org/data/properties/englischer-name-der-sammlung,Englischer Name Der Sammlung,,
Property,http://arkumu.org/data/properties/englischer-name-der-sprache,Englischer Name Der Sprache,,
Property,http://arkumu.org/data/properties/englischer-name-des-ereignistyps,Englischer Name Des Ereignistyps,,
Property,http://arkumu.org/data/properties/englischer-name-des-informationstraegertyps-breadcrumb,Englischer Name Des Informationstraegertyps Breadcrumb,,
Property,http://arkumu.org/data/properties/entstehung,Entstehung,Entstehung,
Property,http://arkumu.org/data/properties/eq,Eq,,
Property,http://arkumu.org/data/properties/equipment-und-software,Equipment Und Software,"Equipmentart_ID,Equipment_ID_fk",
Property,http://arkumu.org/data/properties/equipment-und-software-id,Equipment Und Software Id,,
Property,http://arkumu.org/data/properties/equipmentart,Equipmentart,,
Property,http://arkumu.org/data/properties/equipmentart-id,Equipmentart Id,,
Property,http://arkumu.org/data/properties/ereignis,Ereignis,"Kr_Event_ID,Ausz_Proj_ID",
Property,http://arkumu.org/data/properties/ereignis-ereignis-id,Ereignis Ereignis Id,,
Property,http://arkumu.org/data/properties/ereignis-ereigniseigenschaft-id,Ereignis Ereigniseigenschaft Id,,
Property,http://arkumu.org/data/properties/ereignis-id,Ereignis Id,,
Property,http://arkumu.org/data/properties/ereignisbeginn,Ereignisbeginn,"Entstehungsjahr,Ausz_Anfang,Eventanfangsdatum_ISO",
Property,http://arkumu.org/data/properties/ereignisbeginn-geschaetzt,Ereignisbeginn Geschaetzt,,
Property,http://arkumu.org/data/properties/ereignisbeschreibung,Ereignisbeschreibung,"_EreignisHerstellungBeschreibung_verkettet,_Beschreibung_verkettet,website",
Property,http://arkumu.org/data/properties/ereignisbeschreibung-id,Ereignisbeschreibung Id,,
Property,http://arkumu.org/data/properties/ereigniseigenschaft-id,Ereigniseigenschaft Id,,
Property,http://arkumu.org/data/properties/ereignisende,Ereignisende,"Jahr der Fertigstellung,Ausz_Ende,EventEnddatum_ISO",
Property,http://arkumu.org/data/properties/ereignisende-geschaetzt,Ereignisende Geschaetzt,,
Property,http://arkumu.org/data/properties/ereignisname,Ereignisname,"_Projekte_Export_EreignisHerstellung_DeutscherName,Ausz_Name,Eventname",
Property,http://arkumu.org/data/properties/ereignisort,Ereignisort,"_Projekte_Export_Entstehungs_und_Produktionsland_verkettet,Ort_Wikidata_QID",
Property,http://arkumu.org/data/properties/ereignistyp,Ereignistyp,"arkumu_Ereignistyp,_globale_Exportvariablen_arkumu_Ereignistyp_Auszeichnung,Ereignistyp",
Property,http://arkumu.org/data/properties/ereignistyp-id,Ereignistyp Id,,
Property,http://arkumu.org/data/properties/erhaltungstyp,Erhaltungstyp,"Erhaltungstyp_calc,_globale_Exportvariablen_arkumu_Erhaltungstyp",
Property,http://arkumu.org/data/properties/erhaltungszustand-deutsch,Erhaltungszustand Deutsch,,
Property,http://arkumu.org/data/properties/erhaltungszustand-englisch,Erhaltungszustand Englisch,,
Property,http://arkumu.org/data/properties/externe-inventar-signaturnummer,Externe Inventar Signaturnummer,Signatur,
Property,http://arkumu.org/data/properties/externe-projektwebseite,Externe Projektwebseite,"Projekt_Website1,Projekt_Website2",
Property,http://arkumu.org/data/properties/filmportal-kategorie-id,Filmportal Kategorie Id,,
Property,http://arkumu.org/data/properties/fruehestes-geburtsdatum,Fruehestes Geburtsdatum,,
Property,http://arkumu.org/data/properties/fruehestes-sterbedatum,Fruehestes Sterbedatum,,
Property,http://arkumu.org/data/properties/geburtsort,Geburtsort,,
Property,http://arkumu.org/data/properties/geschlecht,Geschlecht,,
Property,http://arkumu.org/data/properties/gnd-nummer,Gnd Nummer,"PE_Normdatum_GND,GND_ID",
Property,http://arkumu.org/data/properties/gnd-nummer-gruppe,Gnd Nummer Gruppe,,
Property,http://arkumu.org/data/properties/gnd-nummer-maennlich,Gnd Nummer Maennlich,,
Property,http://arkumu.org/data/properties/gnd-nummer-weiblich,Gnd Nummer Weiblich,,
Property,http://arkumu.org/data/properties/gruendungsort,Gruendungsort,,
Property,http://arkumu.org/data/properties/hersteller,Hersteller,Hersteller,
Property,http://arkumu.org/data/properties/informationstraeger,Informationstraeger,PhysMedien_ID_fk,
Property,http://arkumu.org/data/properties/informationstraeger-id,Informationstraeger Id,,
Property,http://arkumu.org/data/properties/informationstraeger-informationstraegereigenschaft-id,Informationstraeger Informationstraegereigenschaft Id,,
Property,http://arkumu.org/data/properties/informationstraeger-produkt-id-id,Informationstraeger Produkt Id Id,,
Property,http://arkumu.org/data/properties/informationstraegereigenschaft-id,Informationstraegereigenschaft Id,,
Property,http://arkumu.org/data/properties/informationstraegertyp,Informationstraegertyp,Medienformat,
Property,http://arkumu.org/data/properties/informationstraegertyp-id,Informationstraegertyp Id,,
Property,http://arkumu.org/data/properties/inhaltswarnung,Inhaltswarnung,,
Property,http://arkumu.org/data/properties/interner-kommentar,Interner Kommentar,Bemerkungen,
Property,http://arkumu.org/data/properties/iso-639-1-code,Iso 639 1 Code,,
Property,http://arkumu.org/data/properties/iso-639-2b-code,Iso 639 2B Code,,
Property,http://arkumu.org/data/properties/iso-639-2t-code,Iso 639 2T Code,,
Property,http://arkumu.org/data/properties/ist-urheberin,Ist Urheberin,ist_Urheberin,
Property,http://arkumu.org/data/properties/khm-internetfreigabestufe,Khm Internetfreigabestufe,,
Property,http://arkumu.org/data/properties/klassifizierendes-schlagwort,Klassifizierendes Schlagwort,,
Property,http://arkumu.org/data/properties/kompilation,Kompilation,Kompilation,
Property,http://arkumu.org/data/properties/kompilations-reihennummer,Kompilations Reihennummer,Kompilations-Reihennummer,
Property,http://arkumu.org/data/properties/kompilationstitel,Kompilationstitel,Kompilationstitel,
Property,http://arkumu.org/data/properties/kurzbeschreibung-deutsch,Kurzbeschreibung Deutsch,,
Property,http://arkumu.org/data/properties/kurzbeschreibung-englisch,Kurzbeschreibung Englisch,,
Property,http://arkumu.org/data/properties/label-handelsmarke,Label Handelsmarke,,
Property,http://arkumu.org/data/properties/lccn-id,Lccn Id,PE_Normdatum_LCCN,
Property,http://arkumu.org/data/properties/letzte-datensatzmodifikation-beim-einlieferer,Letzte Datensatzmodifikation Beim Einlieferer,"SQL_Pr_AenderungsTS,__SQL_TS_LastModified,SQL_PE_AenderungsTS,SQL_AenderungsTS,Projekte_SQL_Pr_AenderungsTS,SQL_Ev_AenderungsTS",
Property,http://arkumu.org/data/properties/letzte-projektmodifikation-beim-einlieferer,Letzte Projektmodifikation Beim Einlieferer,,(benutze überall Letzte Datensatzmodifikation Beim Einlieferer) 
Property,http://arkumu.org/data/properties/lido-terminologie-id,Lido Terminologie Id,,
Property,http://arkumu.org/data/properties/lizenzstatus,Lizenzstatus,_arkumu_Lizenzstatus,
Property,http://arkumu.org/data/properties/masse,Masse,Projekte_Masse_Umfang_Dimension,
Property,http://arkumu.org/data/properties/materialschlagwort,Materialschlagwort,Projekte_Material_QIDs_calc,
Property,http://arkumu.org/data/properties/materialschlagwort-id,Materialschlagwort Id,,
Property,http://arkumu.org/data/properties/medientyp,Medientyp,Dateityp_calc,
Property,http://arkumu.org/data/properties/nachgestellter-titel,Nachgestellter Titel,nachgestellterTitel,
Property,http://arkumu.org/data/properties/neuer-lizenzvertrag-digi-kunst-formular,Neuer Lizenzvertrag Digi Kunst Formular,,
Property,http://arkumu.org/data/properties/nicht-oeffentlicher-name,Nicht Oeffentlicher Name,nicht_öffentlicher_Name,
Property,http://arkumu.org/data/properties/nicht-oeffentlicher-name-begruendung,Nicht Oeffentlicher Name Begruendung,,
Property,http://arkumu.org/data/properties/normdatei,Normdatei,,
Property,http://arkumu.org/data/properties/nummernart-id,Nummernart Id,,
Property,http://arkumu.org/data/properties/objekttyp,Objekttyp,"Bildart,TR_Type_Kurz",
Property,http://arkumu.org/data/properties/orcid,Orcid,PE_Normdatum_ORCID,
Property,http://arkumu.org/data/properties/organisationseinheit,Organisationseinheit,Fächergruppe,
Property,http://arkumu.org/data/properties/organisationseinheit-id,Organisationseinheit Id,,
Property,http://arkumu.org/data/properties/originalsprache,Originalsprache,Sprache der Originalfassung,
Property,http://arkumu.org/data/properties/ort-id,Ort Id,,
Property,http://arkumu.org/data/properties/pbcore-link,Pbcore Link,,
Property,http://arkumu.org/data/properties/pdf,Pdf,,
Property,http://arkumu.org/data/properties/physisches-objekt,Physisches Objekt,,
Property,http://arkumu.org/data/properties/physisches-objekt-id,Physisches Objekt Id,,
Property,http://arkumu.org/data/properties/produkt-id-typ,Produkt Id Typ,,
Property,http://arkumu.org/data/properties/produkt-id-wert,Produkt Id Wert,,
Property,http://arkumu.org/data/properties/projekt,Projekt,"Kr_Proj_ID,Proj_ID_fk,Projekte_Projekt_ID,AS_Proj_ID,Projekt_ID,Projekt_UUID",
Property,http://arkumu.org/data/properties/projekt,Projekt,Projekt_ID,"auch: ""Datensatz Id Beim Einlieferer"""
Property,http://arkumu.org/data/properties/projekt-projekt-id,Projekt Projekt Id,,
Property,http://arkumu.org/data/properties/projekt-projekteigenschaft-id,Projekt Projekteigenschaft Id,,
Property,http://arkumu.org/data/properties/projektart,Projektart,,
Property,http://arkumu.org/data/properties/projektart-id,Projektart Id,,
Property,http://arkumu.org/data/properties/projekteigenschaft-id,Projekteigenschaft Id,,
Property,http://arkumu.org/data/properties/projekterstellung-beim-einlieferer,Projekterstellung Beim Einlieferer,,(benutze überall Letzte Datensatzmodifikation Beim Einlieferer) 
Property,http://arkumu.org/data/properties/projektkategorie,Projektkategorie,_Projekte_Export_Projektkategorien_arkumu,
Property,http://arkumu.org/data/properties/projektkategorie-id,Projektkategorie Id,,
Property,http://arkumu.org/data/properties/projektkompilation,Projektkompilation,,
Property,http://arkumu.org/data/properties/property-cardinality,Property Cardinality,,
Property,http://arkumu.org/data/properties/property-datatype,Property Datatype,,
Property,http://arkumu.org/data/properties/provenienz,Provenienz,,
Property,http://arkumu.org/data/properties/provinienz,Provinienz,,
Property,http://arkumu.org/data/properties/rechtsstatus,Rechtsstatus,_globale_Exportvariablen_arkumu_Rechtsstatus,
Property,http://arkumu.org/data/properties/rolle-id,Rolle Id,,
Property,http://arkumu.org/data/properties/rollen-der-akteurin-im-ereignis,Rollen Der Akteurin Im Ereignis,"AS_Taetigkeit_arkumu_Rolle,_globale_Exportvariablen_arkumu_Rolle",
Property,http://arkumu.org/data/properties/sammlung-id,Sammlung Id,,
Property,http://arkumu.org/data/properties/sammlungsart,Sammlungsart,,
Property,http://arkumu.org/data/properties/schlagwort,Schlagwort,Keyword_ID_fk,
Property,http://arkumu.org/data/properties/schlagwort-id,Schlagwort Id,,
Property,http://arkumu.org/data/properties/signatur-beim-einlieferer,Signatur Beim Einlieferer,,
Property,http://arkumu.org/data/properties/sonderregelung,Sonderregelung,,
Property,http://arkumu.org/data/properties/sortierung,Sortierung,,
Property,http://arkumu.org/data/properties/spaetestes-geburtsdatum,Spaetestes Geburtsdatum,,
Property,http://arkumu.org/data/properties/spaetestes-sterbedatum,Spaetestes Sterbedatum,,
Property,http://arkumu.org/data/properties/sprache-der-beschreibung,Sprache Der Beschreibung,,
Property,http://arkumu.org/data/properties/sprache-der-ereignisbeschreibung,Sprache Der Ereignisbeschreibung,,
Property,http://arkumu.org/data/properties/sprache-des-alternativen-titels,Sprache Des Alternativen Titels,"Titel_erster_alternativer_Titel_Sprache,Titel_zweiter_alternativer_Titel_Sprache",
Property,http://arkumu.org/data/properties/sprache-des-alternativen-untertitels,Sprache Des Alternativen Untertitels,"Titel_erster_alternativer_Untertitel_Sprache,Titel_zweiter_alternativer_Untertitel_Sprache",
Property,http://arkumu.org/data/properties/sprache-des-bevorzugten-titels,Sprache Des Bevorzugten Titels,Originaltitel_Sprache,
Property,http://arkumu.org/data/properties/sprache-des-bevorzugten-untertitels,Sprache Des Bevorzugten Untertitels,Untertitel_Sprache,
Property,http://arkumu.org/data/properties/sprache-id,Sprache Id,,
Property,http://arkumu.org/data/properties/sprachfassung,Sprachfassung,"TR_Sprache,Synchronisationsfassung",
Property,http://arkumu.org/data/properties/sterbeort,Sterbeort,,
Property,http://arkumu.org/data/properties/synonyme,Synonyme,,
Property,http://arkumu.org/data/properties/systemvoraussetzungen,Systemvoraussetzungen,,
Property,http://arkumu.org/data/properties/technikschlagwort,Technikschlagwort,,
Property,http://arkumu.org/data/properties/technikschlagwort-id,Technikschlagwort Id,,
Property,http://arkumu.org/data/properties/technischer-kommentar-deutsch,Technischer Kommentar Deutsch,,
Property,http://arkumu.org/data/properties/technischer-kommentar-englisch,Technischer Kommentar Englisch,,
Property,http://arkumu.org/data/properties/teil-einer-serie,Teil Einer Serie,,
Property,http://arkumu.org/data/properties/tonformat,Tonformat,"Tonformat,Filmtonverfahren",
Property,http://arkumu.org/data/properties/tonmischfassung,Tonmischfassung,Tonmischfassung,
Property,http://arkumu.org/data/properties/ungesicherte-zuschreibung,Ungesicherte Zuschreibung,,
Property,http://arkumu.org/data/properties/untertitelsprache,Untertitelsprache,Sprache Untertitel,
Property,http://arkumu.org/data/properties/uri,Uri,,
Property,http://arkumu.org/data/properties/verantwortliche-hochschule,Verantwortliche Hochschule,,
Property,http://arkumu.org/data/properties/verknuepfter-akteurin,Verknuepfter Akteurin,,
Property,http://arkumu.org/data/properties/verknuepfter-informationstraeger,Verknuepfter Informationstraeger,,
Property,http://arkumu.org/data/properties/verknuepftes-digitales-objekt,Verknuepftes Digitales Objekt,,
Property,http://arkumu.org/data/properties/verknuepftes-equipment-und-software,Verknuepftes Equipment Und Software,,
Property,http://arkumu.org/data/properties/verknuepftes-ereignis,Verknuepftes Ereignis,,
Property,http://arkumu.org/data/properties/verknuepftes-physisches-objekt,Verknuepftes Physisches Objekt,,
Property,http://arkumu.org/data/properties/verknuepftes-projekt,Verknuepftes Projekt,,
Property,http://arkumu.org/data/properties/viaf-id,Viaf Id,PE_Normdatum_VIAF,
Property,http://arkumu.org/data/properties/vorangestellter-titel,Vorangestellter Titel,vorangestellterTitel,
Property,http://arkumu.org/data/properties/vorschaubild,Vorschaubild,,
Property,http://arkumu.org/data/properties/waehlt-automatisch-folgenden-anzeigestatus-aus,Waehlt Automatisch Folgenden Anzeigestatus Aus,,
Property,http://arkumu.org/data/properties/waehlt-automatisch-folgenden-lizenzstatus-aus,Waehlt Automatisch Folgenden Lizenzstatus Aus,,
Property,http://arkumu.org/data/properties/waehlt-besitzt-leistungsschutzrechte-automatisch-aus,Waehlt Besitzt Leistungsschutzrechte Automatisch Aus,,
Property,http://arkumu.org/data/properties/waehlt-ist-urheber-in-automatisch-aus,Waehlt Ist Urheber In Automatisch Aus,,
Property,http://arkumu.org/data/properties/webseite-der-akteurin,Webseite Der Akteurin,"PE_Homepage1,PE_Homepage2",
Property,http://arkumu.org/data/properties/weiteres-rechtsdokument,Weiteres Rechtsdokument,,
Property,http://arkumu.org/data/properties/werkverzeichnis-nummer,Werkverzeichnis Nummer,,
Property,http://arkumu.org/data/properties/wert,Wert,,
Property,http://arkumu.org/data/properties/wesentliche-eigenschaften-deutsch,Wesentliche Eigenschaften Deutsch,,
Property,http://arkumu.org/data/properties/wesentliche-eigenschaften-englisch,Wesentliche Eigenschaften Englisch,,
Property,http://arkumu.org/data/properties/wikidata-id,Wikidata Id,"PE_Normdatum_Wikidata,Wikidata_QID,Ort_Wikidata_QID",
Property,http://arkumu.org/data/properties/wird-im-loop-abgespielt,Wird Im Loop Abgespielt,,
Property,http://arkumu.org/data/properties/wirkungsbeginn,Wirkungsbeginn,,
Property,http://arkumu.org/data/properties/wirkungsende,Wirkungsende,,
Property,http://arkumu.org/data/properties/wirkungsort,Wirkungsort,,
Property,http://arkumu.org/data/properties/zugehoeriges-rechtestatement,Zugehoeriges Rechtestatement,,
Property,http://arkumu.org/data/properties/pruefsumme-sha256,Prüfsumme beim Einlieferer,Pruefsumme_SHA256,
,,Prüfsumme beim Einlieferer,Pruefsumme_SHA256,
,,ist Vorschaubild,_ist_Vorschaubild,
,,Fernsehnorm,Videonorm,
,,Bildfrequenz,"Bildfrequenz,Framerate",
,,Seitenverhältnis,Aspect_Ratio_Bildseitenverhältnis,
,,Dauer (Freitext),Länge_Dauer,
,,Produktionsformat,Technisches Produktionsformat,
