dump_key	matched_s3_key	checksum_or_etag	source_status	related_resource_id	related_resource_uri
data/events/10_-_Herstellung_-_Herstellung_von_EIN_STUHL/preservation_master/folkwang-industrial-design-ein_stuhl-6snf2o.jpg	data/events/10_-_Herstellung_-_Herstellung_von_EIN_STUHL/preservation_master/folkwang-industrial-design-ein_stuhl-6snf2o.jpg	md5:ac0b966947d9681ff91cf38de2e80c3e	verified	59da9368-67aa-46d3-90ef-42a3d22eb41d	http://arkumu.org/data/fuk/entities/ereignis/10
data/events/10_-_Herstellung_-_Herstellung_von_EIN_STUHL/preservation_master/folkwang-industrial-design-ein_stuhl-feature-image.jpg	data/events/10_-_Herstellung_-_Herstellung_von_EIN_STUHL/preservation_master/folkwang-industrial-design-ein_stuhl-feature-image.jpg	md5:4428e44359ad55494b79603dac2453cf	verified	59da9368-67aa-46d3-90ef-42a3d22eb41d	http://arkumu.org/data/fuk/entities/ereignis/10
data/events/10_-_Herstellung_-_Herstellung_von_EIN_STUHL/preservation_master/folkwang-industrial-design-ein_stuhl-fhtstw.png	data/events/10_-_Herstellung_-_Herstellung_von_EIN_STUHL/preservation_master/folkwang-industrial-design-ein_stuhl-fhtstw.png	md5:63f84b564c795196e5a79a5a4579fd22	verified	59da9368-67aa-46d3-90ef-42a3d22eb41d	http://arkumu.org/data/fuk/entities/ereignis/10
data/events/10_-_Herstellung_-_Herstellung_von_EIN_STUHL/preservation_master/folkwang-industrial-design-ein_stuhl-rwbtkn.jpg	data/events/10_-_Herstellung_-_Herstellung_von_EIN_STUHL/preservation_master/folkwang-industrial-design-ein_stuhl-rwbtkn.jpg	md5:4ab237f331a5607aa1e5b6d1fa622ac0	verified	59da9368-67aa-46d3-90ef-42a3d22eb41d	http://arkumu.org/data/fuk/entities/ereignis/10
data/events/10_-_Herstellung_-_Herstellung_von_EIN_STUHL/preservation_master/folkwang-industrial-design-ein_stuhl-vioefv.jpg	data/events/10_-_Herstellung_-_Herstellung_von_EIN_STUHL/preservation_master/folkwang-industrial-design-ein_stuhl-vioefv.jpg	md5:75044a14562820f3f7f414f690742f42	verified	59da9368-67aa-46d3-90ef-42a3d22eb41d	http://arkumu.org/data/fuk/entities/ereignis/10
data/events/10_-_Herstellung_-_Herstellung_von_EIN_STUHL/preservation_master/folkwang-industrial-design-ein_stuhl-wzuhop.png	data/events/10_-_Herstellung_-_Herstellung_von_EIN_STUHL/preservation_master/folkwang-industrial-design-ein_stuhl-wzuhop.png	md5:375e5a00a704f8bfe2c3956ff6a5a7aa	verified	59da9368-67aa-46d3-90ef-42a3d22eb41d	http://arkumu.org/data/fuk/entities/ereignis/10
data/events/10_-_Herstellung_-_Herstellung_von_EIN_STUHL/preservation_master/folkwang-industrial-design-ein_stuhl-ydmcfq.jpg	data/events/10_-_Herstellung_-_Herstellung_von_EIN_STUHL/preservation_master/folkwang-industrial-design-ein_stuhl-ydmcfq.jpg	md5:4428e44359ad55494b79603dac2453cf	verified	59da9368-67aa-46d3-90ef-42a3d22eb41d	http://arkumu.org/data/fuk/entities/ereignis/10
data/events/10_-_Herstellung_-_Herstellung_von_EIN_STUHL/preservation_master/folkwang-industrial-design-ein_stuhl-ysc1tr.jpg	data/events/10_-_Herstellung_-_Herstellung_von_EIN_STUHL/preservation_master/folkwang-industrial-design-ein_stuhl-ysc1tr.jpg	md5:fd1cdfdeeaf7483e192c9a46fa7e9c95	verified	59da9368-67aa-46d3-90ef-42a3d22eb41d	http://arkumu.org/data/fuk/entities/ereignis/10
data/events/11_-_Herstellung_-_Herstellung_von_Designed_to_Die/preservation_master/folkwang-industrial-design-designed_to_die-1myzhp.jpeg	data/events/11_-_Herstellung_-_Herstellung_von_Designed_to_Die/preservation_master/folkwang-industrial-design-designed_to_die-1myzhp.jpeg	md5:62dec80fce23c293e11399c1041b55ce	verified	b3642ff0-8fa8-4252-b427-d1d094bccdea	http://arkumu.org/data/fuk/entities/ereignis/11
data/events/11_-_Herstellung_-_Herstellung_von_Designed_to_Die/preservation_master/folkwang-industrial-design-designed_to_die-bec93t.jpeg	data/events/11_-_Herstellung_-_Herstellung_von_Designed_to_Die/preservation_master/folkwang-industrial-design-designed_to_die-bec93t.jpeg	md5:a42aeba21a8bc0c1a0932c0f6d701324	verified	b3642ff0-8fa8-4252-b427-d1d094bccdea	http://arkumu.org/data/fuk/entities/ereignis/11
data/events/11_-_Herstellung_-_Herstellung_von_Designed_to_Die/preservation_master/folkwang-industrial-design-designed_to_die-hkuwju.jpeg	data/events/11_-_Herstellung_-_Herstellung_von_Designed_to_Die/preservation_master/folkwang-industrial-design-designed_to_die-hkuwju.jpeg	md5:5929ebe3b6968d3124f7383a14d4f21f	verified	b3642ff0-8fa8-4252-b427-d1d094bccdea	http://arkumu.org/data/fuk/entities/ereignis/11
data/events/11_-_Herstellung_-_Herstellung_von_Designed_to_Die/preservation_master/folkwang-industrial-design-designed_to_die-n97gxz.jpeg	data/events/11_-_Herstellung_-_Herstellung_von_Designed_to_Die/preservation_master/folkwang-industrial-design-designed_to_die-n97gxz.jpeg	md5:b33f2bc0709fd3256d6deb6d941a2416	verified	b3642ff0-8fa8-4252-b427-d1d094bccdea	http://arkumu.org/data/fuk/entities/ereignis/11
data/events/12_-_Herstellung_-_Herstellung_von_TONY/preservation_master/folkwang-industrial-design-tony-e7y1fd.jpg	data/events/12_-_Herstellung_-_Herstellung_von_TONY/preservation_master/folkwang-industrial-design-tony-e7y1fd.jpg	md5:72b33ce77a21cef599ebe20e5581bd69	verified	67e156da-50ef-4800-9748-beb1f7fce5da	http://arkumu.org/data/fuk/entities/ereignis/12
data/events/12_-_Herstellung_-_Herstellung_von_TONY/preservation_master/folkwang-industrial-design-tony-feature-image-1.jpg	data/events/12_-_Herstellung_-_Herstellung_von_TONY/preservation_master/folkwang-industrial-design-tony-feature-image-1.jpg	md5:6c1f1ce8463acedd02a521cd6364a261	verified	67e156da-50ef-4800-9748-beb1f7fce5da	http://arkumu.org/data/fuk/entities/ereignis/12
data/events/12_-_Herstellung_-_Herstellung_von_TONY/preservation_master/folkwang-industrial-design-tony-hzcvel.jpg	data/events/12_-_Herstellung_-_Herstellung_von_TONY/preservation_master/folkwang-industrial-design-tony-hzcvel.jpg	md5:b2513abfed012e4ce2c9091202f2afa4	verified	67e156da-50ef-4800-9748-beb1f7fce5da	http://arkumu.org/data/fuk/entities/ereignis/12
data/events/12_-_Herstellung_-_Herstellung_von_TONY/preservation_master/folkwang-industrial-design-tony-j6isqb.jpg	data/events/12_-_Herstellung_-_Herstellung_von_TONY/preservation_master/folkwang-industrial-design-tony-j6isqb.jpg	md5:da6dcc7ccb71bf02cbd3794bef2ae01b	verified	67e156da-50ef-4800-9748-beb1f7fce5da	http://arkumu.org/data/fuk/entities/ereignis/12
data/events/12_-_Herstellung_-_Herstellung_von_TONY/preservation_master/folkwang-industrial-design-tony-oktepg.jpg	data/events/12_-_Herstellung_-_Herstellung_von_TONY/preservation_master/folkwang-industrial-design-tony-oktepg.jpg	md5:ff907358491ac8555f1864535bc83962	verified	67e156da-50ef-4800-9748-beb1f7fce5da	http://arkumu.org/data/fuk/entities/ereignis/12
data/events/12_-_Herstellung_-_Herstellung_von_TONY/preservation_master/folkwang-industrial-design-tony-qecj79.jpg	data/events/12_-_Herstellung_-_Herstellung_von_TONY/preservation_master/folkwang-industrial-design-tony-qecj79.jpg	md5:3f44b1ce5b430ad3517d7f7c4553c8b8	verified	67e156da-50ef-4800-9748-beb1f7fce5da	http://arkumu.org/data/fuk/entities/ereignis/12
data/events/12_-_Herstellung_-_Herstellung_von_TONY/preservation_master/folkwang-industrial-design-tony-qhpz3o.jpg	data/events/12_-_Herstellung_-_Herstellung_von_TONY/preservation_master/folkwang-industrial-design-tony-qhpz3o.jpg	md5:f21c05708dfe721c82c439710aa65ddd	verified	67e156da-50ef-4800-9748-beb1f7fce5da	http://arkumu.org/data/fuk/entities/ereignis/12
data/events/12_-_Herstellung_-_Herstellung_von_TONY/preservation_master/folkwang-industrial-design-tony-qk1kx7.jpg	data/events/12_-_Herstellung_-_Herstellung_von_TONY/preservation_master/folkwang-industrial-design-tony-qk1kx7.jpg	md5:ed70df42456c76537e9ed9fd2c55550d	verified	67e156da-50ef-4800-9748-beb1f7fce5da	http://arkumu.org/data/fuk/entities/ereignis/12
data/events/12_-_Herstellung_-_Herstellung_von_TONY/preservation_master/folkwang-industrial-design-tony-roobz9.jpg	data/events/12_-_Herstellung_-_Herstellung_von_TONY/preservation_master/folkwang-industrial-design-tony-roobz9.jpg	md5:fff26bf18fc526ab070e810debcbcc11	verified	67e156da-50ef-4800-9748-beb1f7fce5da	http://arkumu.org/data/fuk/entities/ereignis/12
data/events/12_-_Herstellung_-_Herstellung_von_TONY/preservation_master/folkwang-industrial-design-tony-vi84sy.jpg	data/events/12_-_Herstellung_-_Herstellung_von_TONY/preservation_master/folkwang-industrial-design-tony-vi84sy.jpg	md5:6c1f1ce8463acedd02a521cd6364a261	verified	67e156da-50ef-4800-9748-beb1f7fce5da	http://arkumu.org/data/fuk/entities/ereignis/12
data/events/13_-_Herstellung_-_Herstellung_von_Eine_Hommage/preservation_master/folkwang-industrial-design-eine_hommage-ky2zra.jpg	data/events/13_-_Herstellung_-_Herstellung_von_Eine_Hommage/preservation_master/folkwang-industrial-design-eine_hommage-ky2zra.jpg	md5:a075f6121b2d144f6dc0b148eecb5414	verified	25218f5b-8186-444d-88ec-c3afbfcf9d51	http://arkumu.org/data/fuk/entities/ereignis/13
data/events/13_-_Herstellung_-_Herstellung_von_Eine_Hommage/preservation_master/folkwang-industrial-design-eine_hommage-rxsxsg.jpg	data/events/13_-_Herstellung_-_Herstellung_von_Eine_Hommage/preservation_master/folkwang-industrial-design-eine_hommage-rxsxsg.jpg	md5:2717babb2873aabed520616626f88f26	verified	25218f5b-8186-444d-88ec-c3afbfcf9d51	http://arkumu.org/data/fuk/entities/ereignis/13
data/events/13_-_Herstellung_-_Herstellung_von_Eine_Hommage/preservation_master/folkwang-industrial-design-eine_hommage-sgeumt.jpg	data/events/13_-_Herstellung_-_Herstellung_von_Eine_Hommage/preservation_master/folkwang-industrial-design-eine_hommage-sgeumt.jpg	md5:f529aec0131ec8e557d7fb40aeb26b75	verified	25218f5b-8186-444d-88ec-c3afbfcf9d51	http://arkumu.org/data/fuk/entities/ereignis/13
data/events/14_-_Herstellung_-_Herstellung_von_Lobbyarbeit/preservation_master/folkwang-industrial-design-lobbyarbeit-0xrb8z.jpg	data/events/14_-_Herstellung_-_Herstellung_von_Lobbyarbeit/preservation_master/folkwang-industrial-design-lobbyarbeit-0xrb8z.jpg	md5:88ff0f011066b9c0f52b1f3368f80be1	verified	b241c662-874e-44b3-8540-d0558f28de80	http://arkumu.org/data/fuk/entities/ereignis/14
data/events/14_-_Herstellung_-_Herstellung_von_Lobbyarbeit/preservation_master/folkwang-industrial-design-lobbyarbeit-3mi2cz.jpg	data/events/14_-_Herstellung_-_Herstellung_von_Lobbyarbeit/preservation_master/folkwang-industrial-design-lobbyarbeit-3mi2cz.jpg	md5:39611cb1f19526873209c401e786f225	verified	b241c662-874e-44b3-8540-d0558f28de80	http://arkumu.org/data/fuk/entities/ereignis/14
data/events/14_-_Herstellung_-_Herstellung_von_Lobbyarbeit/preservation_master/folkwang-industrial-design-lobbyarbeit-6pghjp.jpg	data/events/14_-_Herstellung_-_Herstellung_von_Lobbyarbeit/preservation_master/folkwang-industrial-design-lobbyarbeit-6pghjp.jpg	md5:d336f1e8047998940e104351da702729	verified	b241c662-874e-44b3-8540-d0558f28de80	http://arkumu.org/data/fuk/entities/ereignis/14
data/events/14_-_Herstellung_-_Herstellung_von_Lobbyarbeit/preservation_master/folkwang-industrial-design-lobbyarbeit-elyl0n.jpg	data/events/14_-_Herstellung_-_Herstellung_von_Lobbyarbeit/preservation_master/folkwang-industrial-design-lobbyarbeit-elyl0n.jpg	md5:1ab4676440dae66425932d3f87a49433	verified	b241c662-874e-44b3-8540-d0558f28de80	http://arkumu.org/data/fuk/entities/ereignis/14
data/events/14_-_Herstellung_-_Herstellung_von_Lobbyarbeit/preservation_master/folkwang-industrial-design-lobbyarbeit-feature-image.jpg	data/events/14_-_Herstellung_-_Herstellung_von_Lobbyarbeit/preservation_master/folkwang-industrial-design-lobbyarbeit-feature-image.jpg	md5:2c1bfd70072b47c92cda1debf8fa7c9c	verified	b241c662-874e-44b3-8540-d0558f28de80	http://arkumu.org/data/fuk/entities/ereignis/14
data/events/14_-_Herstellung_-_Herstellung_von_Lobbyarbeit/preservation_master/folkwang-industrial-design-lobbyarbeit-jrpjdu.jpg	data/events/14_-_Herstellung_-_Herstellung_von_Lobbyarbeit/preservation_master/folkwang-industrial-design-lobbyarbeit-jrpjdu.jpg	md5:ed7d9bfbc2ff2bcbd695877e155c9c3e	verified	b241c662-874e-44b3-8540-d0558f28de80	http://arkumu.org/data/fuk/entities/ereignis/14
data/events/14_-_Herstellung_-_Herstellung_von_Lobbyarbeit/preservation_master/folkwang-industrial-design-lobbyarbeit-km2zz7.jpg	data/events/14_-_Herstellung_-_Herstellung_von_Lobbyarbeit/preservation_master/folkwang-industrial-design-lobbyarbeit-km2zz7.jpg	md5:534f528594cdfa0ac3fc82b623e6f277	verified	b241c662-874e-44b3-8540-d0558f28de80	http://arkumu.org/data/fuk/entities/ereignis/14
data/events/14_-_Herstellung_-_Herstellung_von_Lobbyarbeit/preservation_master/folkwang-industrial-design-lobbyarbeit-kpv0ua.jpg	data/events/14_-_Herstellung_-_Herstellung_von_Lobbyarbeit/preservation_master/folkwang-industrial-design-lobbyarbeit-kpv0ua.jpg	md5:e366e22bd751b2c4fd577afb4cd1137f	verified	b241c662-874e-44b3-8540-d0558f28de80	http://arkumu.org/data/fuk/entities/ereignis/14
data/events/14_-_Herstellung_-_Herstellung_von_Lobbyarbeit/preservation_master/folkwang-industrial-design-lobbyarbeit-oxtoa0.jpg	data/events/14_-_Herstellung_-_Herstellung_von_Lobbyarbeit/preservation_master/folkwang-industrial-design-lobbyarbeit-oxtoa0.jpg	md5:5a5cf8ec2726678ed1a9b84b44699631	verified	b241c662-874e-44b3-8540-d0558f28de80	http://arkumu.org/data/fuk/entities/ereignis/14
data/events/14_-_Herstellung_-_Herstellung_von_Lobbyarbeit/preservation_master/folkwang-industrial-design-lobbyarbeit-rkzzsq.jpg	data/events/14_-_Herstellung_-_Herstellung_von_Lobbyarbeit/preservation_master/folkwang-industrial-design-lobbyarbeit-rkzzsq.jpg	md5:703348793f5538e5e06753c273fd2d8a	verified	b241c662-874e-44b3-8540-d0558f28de80	http://arkumu.org/data/fuk/entities/ereignis/14
data/events/14_-_Herstellung_-_Herstellung_von_Lobbyarbeit/preservation_master/folkwang-industrial-design-lobbyarbeit-zwvzcr.jpg	data/events/14_-_Herstellung_-_Herstellung_von_Lobbyarbeit/preservation_master/folkwang-industrial-design-lobbyarbeit-zwvzcr.jpg	md5:4a151b9e8a69c3ebdbd7db2e085d018c	verified	b241c662-874e-44b3-8540-d0558f28de80	http://arkumu.org/data/fuk/entities/ereignis/14
data/events/16_-_Herstellung_-_Herstellung_von_Unweiß/preservation_master/folkwang-industrial-design-unweiss-0jn1yh.jpg	data/events/16_-_Herstellung_-_Herstellung_von_Unweiß/preservation_master/folkwang-industrial-design-unweiss-0jn1yh.jpg	md5:215e2d92afefc79ff7de8a9beb38ee3a	verified	dbc49bea-229d-443f-a9a7-d2081294a67f	http://arkumu.org/data/fuk/entities/ereignis/16
data/events/16_-_Herstellung_-_Herstellung_von_Unweiß/preservation_master/folkwang-industrial-design-unweiss-6mgp06.jpg	data/events/16_-_Herstellung_-_Herstellung_von_Unweiß/preservation_master/folkwang-industrial-design-unweiss-6mgp06.jpg	md5:60cd081999bde259fb7347274cc17d09	verified	dbc49bea-229d-443f-a9a7-d2081294a67f	http://arkumu.org/data/fuk/entities/ereignis/16
data/events/16_-_Herstellung_-_Herstellung_von_Unweiß/preservation_master/folkwang-industrial-design-unweiss-feature-image.jpg	data/events/16_-_Herstellung_-_Herstellung_von_Unweiß/preservation_master/folkwang-industrial-design-unweiss-feature-image.jpg	md5:34056dd36f84cff11feace0345f74f2e	verified	dbc49bea-229d-443f-a9a7-d2081294a67f	http://arkumu.org/data/fuk/entities/ereignis/16
data/events/16_-_Herstellung_-_Herstellung_von_Unweiß/preservation_master/folkwang-industrial-design-unweiss-gybgxm.jpg	data/events/16_-_Herstellung_-_Herstellung_von_Unweiß/preservation_master/folkwang-industrial-design-unweiss-gybgxm.jpg	md5:f34e961d50b2471e1c547c0b4c7b8d08	verified	dbc49bea-229d-443f-a9a7-d2081294a67f	http://arkumu.org/data/fuk/entities/ereignis/16
data/events/16_-_Herstellung_-_Herstellung_von_Unweiß/preservation_master/folkwang-industrial-design-unweiss-lpzmzf.jpg	data/events/16_-_Herstellung_-_Herstellung_von_Unweiß/preservation_master/folkwang-industrial-design-unweiss-lpzmzf.jpg	md5:1e2af45f5dfbc947e09f2cc234efd78f	verified	dbc49bea-229d-443f-a9a7-d2081294a67f	http://arkumu.org/data/fuk/entities/ereignis/16
data/events/16_-_Herstellung_-_Herstellung_von_Unweiß/preservation_master/folkwang-industrial-design-unweiss-m9f9wi.jpg	data/events/16_-_Herstellung_-_Herstellung_von_Unweiß/preservation_master/folkwang-industrial-design-unweiss-m9f9wi.jpg	md5:e1cca453532eedafcd8fad4b22d362ce	verified	dbc49bea-229d-443f-a9a7-d2081294a67f	http://arkumu.org/data/fuk/entities/ereignis/16
data/events/16_-_Herstellung_-_Herstellung_von_Unweiß/preservation_master/folkwang-industrial-design-unweiss-oirpst.jpg	data/events/16_-_Herstellung_-_Herstellung_von_Unweiß/preservation_master/folkwang-industrial-design-unweiss-oirpst.jpg	md5:4cf07597b98b74a2889180ad5f4ee28b	verified	dbc49bea-229d-443f-a9a7-d2081294a67f	http://arkumu.org/data/fuk/entities/ereignis/16
data/events/16_-_Herstellung_-_Herstellung_von_Unweiß/preservation_master/folkwang-industrial-design-unweiss-pppzjr.jpg	data/events/16_-_Herstellung_-_Herstellung_von_Unweiß/preservation_master/folkwang-industrial-design-unweiss-pppzjr.jpg	md5:8f10f02b380e2d460d7e2ed9e48312e2	verified	dbc49bea-229d-443f-a9a7-d2081294a67f	http://arkumu.org/data/fuk/entities/ereignis/16
data/events/16_-_Herstellung_-_Herstellung_von_Unweiß/preservation_master/folkwang-industrial-design-unweiss-qodlab.jpg	data/events/16_-_Herstellung_-_Herstellung_von_Unweiß/preservation_master/folkwang-industrial-design-unweiss-qodlab.jpg	md5:b9dd4fa3c6377cf19b4ab73841a2d159	verified	dbc49bea-229d-443f-a9a7-d2081294a67f	http://arkumu.org/data/fuk/entities/ereignis/16
data/events/16_-_Herstellung_-_Herstellung_von_Unweiß/preservation_master/folkwang-industrial-design-unweiss-wyuxqn.jpg	data/events/16_-_Herstellung_-_Herstellung_von_Unweiß/preservation_master/folkwang-industrial-design-unweiss-wyuxqn.jpg	md5:4b130b4c19238c76b89a064f30c86ce6	verified	dbc49bea-229d-443f-a9a7-d2081294a67f	http://arkumu.org/data/fuk/entities/ereignis/16
data/events/17_-_Herstellung_-_Herstellung_von_Pendel/preservation_master/folkwang-industrial-design-pendel-77z9b7.jpg	data/events/17_-_Herstellung_-_Herstellung_von_Pendel/preservation_master/folkwang-industrial-design-pendel-77z9b7.jpg	md5:ea00ba4a0d786ff6e26deb1f38165542	verified	cad360cf-e1d3-40ec-b206-c820de59cc2b	http://arkumu.org/data/fuk/entities/ereignis/17
data/events/17_-_Herstellung_-_Herstellung_von_Pendel/preservation_master/folkwang-industrial-design-pendel-a1nw8d.jpg	data/events/17_-_Herstellung_-_Herstellung_von_Pendel/preservation_master/folkwang-industrial-design-pendel-a1nw8d.jpg	md5:4eeb2c2a22c2f2442153c0535090791e	verified	cad360cf-e1d3-40ec-b206-c820de59cc2b	http://arkumu.org/data/fuk/entities/ereignis/17
data/events/17_-_Herstellung_-_Herstellung_von_Pendel/preservation_master/folkwang-industrial-design-pendel-feature-image.jpg	data/events/17_-_Herstellung_-_Herstellung_von_Pendel/preservation_master/folkwang-industrial-design-pendel-feature-image.jpg	md5:ea00ba4a0d786ff6e26deb1f38165542	verified	cad360cf-e1d3-40ec-b206-c820de59cc2b	http://arkumu.org/data/fuk/entities/ereignis/17
data/events/17_-_Herstellung_-_Herstellung_von_Pendel/preservation_master/folkwang-industrial-design-pendel-fwgpto.jpg	data/events/17_-_Herstellung_-_Herstellung_von_Pendel/preservation_master/folkwang-industrial-design-pendel-fwgpto.jpg	md5:9bd535ef6f40444d76abd8bdf1b7a491	verified	cad360cf-e1d3-40ec-b206-c820de59cc2b	http://arkumu.org/data/fuk/entities/ereignis/17
data/events/17_-_Herstellung_-_Herstellung_von_Pendel/preservation_master/folkwang-industrial-design-pendel-hvazet.jpg	data/events/17_-_Herstellung_-_Herstellung_von_Pendel/preservation_master/folkwang-industrial-design-pendel-hvazet.jpg	md5:27c168ae9e8da776291e1d2a74d321fa	verified	cad360cf-e1d3-40ec-b206-c820de59cc2b	http://arkumu.org/data/fuk/entities/ereignis/17
data/events/18_-_Herstellung_-_Herstellung_von_Aufladen_Fläche/preservation_master/folkwang-industrial-design-aufladen_flache-bhmpdu.jpg	data/events/18_-_Herstellung_-_Herstellung_von_Aufladen_Fläche/preservation_master/folkwang-industrial-design-aufladen_flache-bhmpdu.jpg	md5:eb2620cf80c663d7808a95a5dd0afa18	verified	cd99f8f7-0e6f-4900-bfbe-621f074ee25f	http://arkumu.org/data/fuk/entities/ereignis/18
data/events/19_-_Herstellung_-_Herstellung_von_ENZO/preservation_master/folkwang-industrial-design-enzo-2exwrr.jpg	data/events/19_-_Herstellung_-_Herstellung_von_ENZO/preservation_master/folkwang-industrial-design-enzo-2exwrr.jpg	md5:f00858ef44102538531658cb8d456989	verified	0125cc57-cb94-444a-a869-75cf001ecff9	http://arkumu.org/data/fuk/entities/ereignis/19
data/events/19_-_Herstellung_-_Herstellung_von_ENZO/preservation_master/folkwang-industrial-design-enzo-8lpnsq.jpg	data/events/19_-_Herstellung_-_Herstellung_von_ENZO/preservation_master/folkwang-industrial-design-enzo-8lpnsq.jpg	md5:489726ead968745f3ce77f15205b7328	verified	0125cc57-cb94-444a-a869-75cf001ecff9	http://arkumu.org/data/fuk/entities/ereignis/19
data/events/19_-_Herstellung_-_Herstellung_von_ENZO/preservation_master/folkwang-industrial-design-enzo-csjmk6.jpg	data/events/19_-_Herstellung_-_Herstellung_von_ENZO/preservation_master/folkwang-industrial-design-enzo-csjmk6.jpg	md5:6aafdf3f03f8963ec3d9da6b03cefd62	verified	0125cc57-cb94-444a-a869-75cf001ecff9	http://arkumu.org/data/fuk/entities/ereignis/19
data/events/19_-_Herstellung_-_Herstellung_von_ENZO/preservation_master/folkwang-industrial-design-enzo-e8wota.jpg	data/events/19_-_Herstellung_-_Herstellung_von_ENZO/preservation_master/folkwang-industrial-design-enzo-e8wota.jpg	md5:38d28c72703e9b1509126dfe3e09529e	verified	0125cc57-cb94-444a-a869-75cf001ecff9	http://arkumu.org/data/fuk/entities/ereignis/19
data/events/19_-_Herstellung_-_Herstellung_von_ENZO/preservation_master/folkwang-industrial-design-enzo-feature-image-1.jpg	data/events/19_-_Herstellung_-_Herstellung_von_ENZO/preservation_master/folkwang-industrial-design-enzo-feature-image-1.jpg	md5:9094afc24691eec7b125caecded66627	verified	0125cc57-cb94-444a-a869-75cf001ecff9	http://arkumu.org/data/fuk/entities/ereignis/19
data/events/19_-_Herstellung_-_Herstellung_von_ENZO/preservation_master/folkwang-industrial-design-enzo-zyhqto.jpg	data/events/19_-_Herstellung_-_Herstellung_von_ENZO/preservation_master/folkwang-industrial-design-enzo-zyhqto.jpg	md5:479610084de80ea8dd81985e2bd7d677	verified	0125cc57-cb94-444a-a869-75cf001ecff9	http://arkumu.org/data/fuk/entities/ereignis/19
data/events/1_-_Herstellung_-_Herstellung_von_Third_Hand/preservation_master/folkwang-industrial-design-third_hand-akkain.jpg	data/events/1_-_Herstellung_-_Herstellung_von_Third_Hand/preservation_master/folkwang-industrial-design-third_hand-akkain.jpg	md5:0e4d4bb5bfeadba987936389c0cdfed2	verified	fb7a6656-2ba1-46a5-83a2-9c337bab2acb	http://arkumu.org/data/fuk/entities/ereignis/1
data/events/1_-_Herstellung_-_Herstellung_von_Third_Hand/preservation_master/folkwang-industrial-design-third_hand-dt4ot7.jpg	data/events/1_-_Herstellung_-_Herstellung_von_Third_Hand/preservation_master/folkwang-industrial-design-third_hand-dt4ot7.jpg	md5:f88978e7cdbe2898d3b604680f0d363e	verified	fb7a6656-2ba1-46a5-83a2-9c337bab2acb	http://arkumu.org/data/fuk/entities/ereignis/1
data/events/1_-_Herstellung_-_Herstellung_von_Third_Hand/preservation_master/folkwang-industrial-design-third_hand-feature-image-1.jpg	data/events/1_-_Herstellung_-_Herstellung_von_Third_Hand/preservation_master/folkwang-industrial-design-third_hand-feature-image-1.jpg	md5:99e42c8fa02b39f871416acf6600e375	verified	fb7a6656-2ba1-46a5-83a2-9c337bab2acb	http://arkumu.org/data/fuk/entities/ereignis/1
data/events/1_-_Herstellung_-_Herstellung_von_Third_Hand/preservation_master/folkwang-industrial-design-third_hand-geodzu.jpg	data/events/1_-_Herstellung_-_Herstellung_von_Third_Hand/preservation_master/folkwang-industrial-design-third_hand-geodzu.jpg	md5:1a09eab0116db39bb0d320ea508bdc39	verified	fb7a6656-2ba1-46a5-83a2-9c337bab2acb	http://arkumu.org/data/fuk/entities/ereignis/1
data/events/1_-_Herstellung_-_Herstellung_von_Third_Hand/preservation_master/folkwang-industrial-design-third_hand-weh7c3.jpg	data/events/1_-_Herstellung_-_Herstellung_von_Third_Hand/preservation_master/folkwang-industrial-design-third_hand-weh7c3.jpg	md5:fcb327c82201f9e1f25f2170b812e018	verified	fb7a6656-2ba1-46a5-83a2-9c337bab2acb	http://arkumu.org/data/fuk/entities/ereignis/1
data/events/20_-_Herstellung_-_Herstellung_von_BUNKA_CUP/preservation_master/folkwang-industrial-design-bunka_cup-7hht3r.png	data/events/20_-_Herstellung_-_Herstellung_von_BUNKA_CUP/preservation_master/folkwang-industrial-design-bunka_cup-7hht3r.png	md5:3bd664de3e93d9edb0cfa8595e0d03bd	verified	a1a8b803-6546-4db7-9725-6c3ffbf33b70	http://arkumu.org/data/fuk/entities/ereignis/20
data/events/20_-_Herstellung_-_Herstellung_von_BUNKA_CUP/preservation_master/folkwang-industrial-design-bunka_cup-feature-image-1.jpg	data/events/20_-_Herstellung_-_Herstellung_von_BUNKA_CUP/preservation_master/folkwang-industrial-design-bunka_cup-feature-image-1.jpg	md5:231150cac1ace67c2914a9b948d9c4ac	verified	a1a8b803-6546-4db7-9725-6c3ffbf33b70	http://arkumu.org/data/fuk/entities/ereignis/20
data/events/20_-_Herstellung_-_Herstellung_von_BUNKA_CUP/preservation_master/folkwang-industrial-design-bunka_cup-kyvvwa.jpg	data/events/20_-_Herstellung_-_Herstellung_von_BUNKA_CUP/preservation_master/folkwang-industrial-design-bunka_cup-kyvvwa.jpg	md5:9fa900bc6d61c435855fcf510156a3fd	verified	a1a8b803-6546-4db7-9725-6c3ffbf33b70	http://arkumu.org/data/fuk/entities/ereignis/20
data/events/20_-_Herstellung_-_Herstellung_von_BUNKA_CUP/preservation_master/folkwang-industrial-design-bunka_cup-yvq0vi.png	data/events/20_-_Herstellung_-_Herstellung_von_BUNKA_CUP/preservation_master/folkwang-industrial-design-bunka_cup-yvq0vi.png	md5:4e69abec501fac71a393cea380d07f19	verified	a1a8b803-6546-4db7-9725-6c3ffbf33b70	http://arkumu.org/data/fuk/entities/ereignis/20
data/events/3_-_Herstellung_-_Herstellung_von_TIA/preservation_master/folkwang-industrial-design-tia-4c0rzs.jpg	data/events/3_-_Herstellung_-_Herstellung_von_TIA/preservation_master/folkwang-industrial-design-tia-4c0rzs.jpg	md5:0593371e5ed8e103e1ce9e31fd9ec2ed	verified	8d65c0f1-551f-46fb-b5e2-99a71cd2a366	http://arkumu.org/data/fuk/entities/ereignis/3
data/events/3_-_Herstellung_-_Herstellung_von_TIA/preservation_master/folkwang-industrial-design-tia-7kzjmc.jpg	data/events/3_-_Herstellung_-_Herstellung_von_TIA/preservation_master/folkwang-industrial-design-tia-7kzjmc.jpg	md5:a8d8954d9891391a64a160389e31d3f4	verified	8d65c0f1-551f-46fb-b5e2-99a71cd2a366	http://arkumu.org/data/fuk/entities/ereignis/3
data/events/3_-_Herstellung_-_Herstellung_von_TIA/preservation_master/folkwang-industrial-design-tia-9gpeup.jpg	data/events/3_-_Herstellung_-_Herstellung_von_TIA/preservation_master/folkwang-industrial-design-tia-9gpeup.jpg	md5:f5020b7b12ac1989120a2d1a254af944	verified	8d65c0f1-551f-46fb-b5e2-99a71cd2a366	http://arkumu.org/data/fuk/entities/ereignis/3
data/events/3_-_Herstellung_-_Herstellung_von_TIA/preservation_master/folkwang-industrial-design-tia-atfowi.jpg	data/events/3_-_Herstellung_-_Herstellung_von_TIA/preservation_master/folkwang-industrial-design-tia-atfowi.jpg	md5:feef6c5c82aa6910177447e2d4b6e76d	verified	8d65c0f1-551f-46fb-b5e2-99a71cd2a366	http://arkumu.org/data/fuk/entities/ereignis/3
data/events/3_-_Herstellung_-_Herstellung_von_TIA/preservation_master/folkwang-industrial-design-tia-dqlzou.jpg	data/events/3_-_Herstellung_-_Herstellung_von_TIA/preservation_master/folkwang-industrial-design-tia-dqlzou.jpg	md5:b842a189fe869ae89acabfdcd737c69b	verified	8d65c0f1-551f-46fb-b5e2-99a71cd2a366	http://arkumu.org/data/fuk/entities/ereignis/3
data/events/3_-_Herstellung_-_Herstellung_von_TIA/preservation_master/folkwang-industrial-design-tia-feature-image.jpg	data/events/3_-_Herstellung_-_Herstellung_von_TIA/preservation_master/folkwang-industrial-design-tia-feature-image.jpg	md5:0593371e5ed8e103e1ce9e31fd9ec2ed	verified	8d65c0f1-551f-46fb-b5e2-99a71cd2a366	http://arkumu.org/data/fuk/entities/ereignis/3
data/events/3_-_Herstellung_-_Herstellung_von_TIA/preservation_master/folkwang-industrial-design-tia-rqbz4r.jpg	data/events/3_-_Herstellung_-_Herstellung_von_TIA/preservation_master/folkwang-industrial-design-tia-rqbz4r.jpg	md5:ca5e8a4b7dfe3f016877d71b9bbab87a	verified	8d65c0f1-551f-46fb-b5e2-99a71cd2a366	http://arkumu.org/data/fuk/entities/ereignis/3
data/events/3_-_Herstellung_-_Herstellung_von_TIA/preservation_master/folkwang-industrial-design-tia-shal8e.jpg	data/events/3_-_Herstellung_-_Herstellung_von_TIA/preservation_master/folkwang-industrial-design-tia-shal8e.jpg	md5:e01bb6ba58094d7ef29d2aefd55b68f5	verified	8d65c0f1-551f-46fb-b5e2-99a71cd2a366	http://arkumu.org/data/fuk/entities/ereignis/3
data/events/3_-_Herstellung_-_Herstellung_von_TIA/preservation_master/folkwang-industrial-design-tia-tdxzbf.jpg	data/events/3_-_Herstellung_-_Herstellung_von_TIA/preservation_master/folkwang-industrial-design-tia-tdxzbf.jpg	md5:3ccd3275b935a66edce1363eec2e147d	verified	8d65c0f1-551f-46fb-b5e2-99a71cd2a366	http://arkumu.org/data/fuk/entities/ereignis/3
data/events/4_-_Herstellung_-_Herstellung_von_Beistand/preservation_master/folkwang-industrial-design-beistand-1epyy4.jpg	data/events/4_-_Herstellung_-_Herstellung_von_Beistand/preservation_master/folkwang-industrial-design-beistand-1epyy4.jpg	md5:3959bba1e73e88d141f21417eb6a2942	verified	383c6ccc-5914-4dc7-b288-9ebbc1361a98	http://arkumu.org/data/fuk/entities/ereignis/4
data/events/4_-_Herstellung_-_Herstellung_von_Beistand/preservation_master/folkwang-industrial-design-beistand-4fgdbv.jpg	data/events/4_-_Herstellung_-_Herstellung_von_Beistand/preservation_master/folkwang-industrial-design-beistand-4fgdbv.jpg	md5:48dd1e568a2997716e800f6dad40e832	verified	383c6ccc-5914-4dc7-b288-9ebbc1361a98	http://arkumu.org/data/fuk/entities/ereignis/4
data/events/4_-_Herstellung_-_Herstellung_von_Beistand/preservation_master/folkwang-industrial-design-beistand-58di8z.jpg	data/events/4_-_Herstellung_-_Herstellung_von_Beistand/preservation_master/folkwang-industrial-design-beistand-58di8z.jpg	md5:c70bd46c779bef70721bf66b7d5d4c10	verified	383c6ccc-5914-4dc7-b288-9ebbc1361a98	http://arkumu.org/data/fuk/entities/ereignis/4
data/events/4_-_Herstellung_-_Herstellung_von_Beistand/preservation_master/folkwang-industrial-design-beistand-8zjbmc.jpg	data/events/4_-_Herstellung_-_Herstellung_von_Beistand/preservation_master/folkwang-industrial-design-beistand-8zjbmc.jpg	md5:cf5d3351d60e9278b795edf6c9ab9040	verified	383c6ccc-5914-4dc7-b288-9ebbc1361a98	http://arkumu.org/data/fuk/entities/ereignis/4
data/events/4_-_Herstellung_-_Herstellung_von_Beistand/preservation_master/folkwang-industrial-design-beistand-feature-image.jpg	data/events/4_-_Herstellung_-_Herstellung_von_Beistand/preservation_master/folkwang-industrial-design-beistand-feature-image.jpg	md5:da050665b548c7444ef4ccaedd2ec7b0	verified	383c6ccc-5914-4dc7-b288-9ebbc1361a98	http://arkumu.org/data/fuk/entities/ereignis/4
data/events/4_-_Herstellung_-_Herstellung_von_Beistand/preservation_master/folkwang-industrial-design-beistand-ijosrj.jpg	data/events/4_-_Herstellung_-_Herstellung_von_Beistand/preservation_master/folkwang-industrial-design-beistand-ijosrj.jpg	md5:247c51faed4eb94a4c408f7f2f0a6b69	verified	383c6ccc-5914-4dc7-b288-9ebbc1361a98	http://arkumu.org/data/fuk/entities/ereignis/4
data/events/4_-_Herstellung_-_Herstellung_von_Beistand/preservation_master/folkwang-industrial-design-beistand-jypg6h.jpg	data/events/4_-_Herstellung_-_Herstellung_von_Beistand/preservation_master/folkwang-industrial-design-beistand-jypg6h.jpg	md5:7ad3b2965a7070657fc1d2c6a5e94451	verified	383c6ccc-5914-4dc7-b288-9ebbc1361a98	http://arkumu.org/data/fuk/entities/ereignis/4
data/events/4_-_Herstellung_-_Herstellung_von_Beistand/preservation_master/folkwang-industrial-design-beistand-niu9ie.jpg	data/events/4_-_Herstellung_-_Herstellung_von_Beistand/preservation_master/folkwang-industrial-design-beistand-niu9ie.jpg	md5:434e025d2950d021dbb1000ccfd2dae5	verified	383c6ccc-5914-4dc7-b288-9ebbc1361a98	http://arkumu.org/data/fuk/entities/ereignis/4
data/events/4_-_Herstellung_-_Herstellung_von_Beistand/preservation_master/folkwang-industrial-design-beistand-o2mjsw.jpg	data/events/4_-_Herstellung_-_Herstellung_von_Beistand/preservation_master/folkwang-industrial-design-beistand-o2mjsw.jpg	md5:be78f743a909ec8b59149352e1ccb3fe	verified	383c6ccc-5914-4dc7-b288-9ebbc1361a98	http://arkumu.org/data/fuk/entities/ereignis/4
data/events/4_-_Herstellung_-_Herstellung_von_Beistand/preservation_master/folkwang-industrial-design-beistand-owv1yu.jpg	data/events/4_-_Herstellung_-_Herstellung_von_Beistand/preservation_master/folkwang-industrial-design-beistand-owv1yu.jpg	md5:50871faa3aa6ce744a94856ad459d240	verified	383c6ccc-5914-4dc7-b288-9ebbc1361a98	http://arkumu.org/data/fuk/entities/ereignis/4
data/events/4_-_Herstellung_-_Herstellung_von_Beistand/preservation_master/folkwang-industrial-design-beistand-puzy9q.jpg	data/events/4_-_Herstellung_-_Herstellung_von_Beistand/preservation_master/folkwang-industrial-design-beistand-puzy9q.jpg	md5:4bb7b63b3cea2e450be1a9e6562c57d7	verified	383c6ccc-5914-4dc7-b288-9ebbc1361a98	http://arkumu.org/data/fuk/entities/ereignis/4
data/events/4_-_Herstellung_-_Herstellung_von_Beistand/preservation_master/folkwang-industrial-design-beistand-qtyern.jpg	data/events/4_-_Herstellung_-_Herstellung_von_Beistand/preservation_master/folkwang-industrial-design-beistand-qtyern.jpg	md5:95a286c0d102f039ddc4920876f8a9e4	verified	383c6ccc-5914-4dc7-b288-9ebbc1361a98	http://arkumu.org/data/fuk/entities/ereignis/4
data/events/4_-_Herstellung_-_Herstellung_von_Beistand/preservation_master/folkwang-industrial-design-beistand-sd4shj.jpg	data/events/4_-_Herstellung_-_Herstellung_von_Beistand/preservation_master/folkwang-industrial-design-beistand-sd4shj.jpg	md5:caed4cd37d2b1149de016ae1635d7c9c	verified	383c6ccc-5914-4dc7-b288-9ebbc1361a98	http://arkumu.org/data/fuk/entities/ereignis/4
data/events/4_-_Herstellung_-_Herstellung_von_Beistand/preservation_master/folkwang-industrial-design-beistand-siadij.jpg	data/events/4_-_Herstellung_-_Herstellung_von_Beistand/preservation_master/folkwang-industrial-design-beistand-siadij.jpg	md5:98b22d99f0b91a977840d191ef8c3a4a	verified	383c6ccc-5914-4dc7-b288-9ebbc1361a98	http://arkumu.org/data/fuk/entities/ereignis/4
data/events/4_-_Herstellung_-_Herstellung_von_Beistand/preservation_master/folkwang-industrial-design-beistand-xj4j0i.png	data/events/4_-_Herstellung_-_Herstellung_von_Beistand/preservation_master/folkwang-industrial-design-beistand-xj4j0i.png	md5:a711e398c177aedb7617068cb127d286	verified	383c6ccc-5914-4dc7-b288-9ebbc1361a98	http://arkumu.org/data/fuk/entities/ereignis/4
data/events/5_-_Herstellung_-_Herstellung_von_ISMA/preservation_master/folkwang-industrial-design-isma-bojhji.mp4	data/events/5_-_Herstellung_-_Herstellung_von_ISMA/preservation_master/folkwang-industrial-design-isma-bojhji.mp4	md5:3d06ad450209ac418a344f27c6496437	verified	124a8bac-13e7-468e-a644-aed81973b29c	http://arkumu.org/data/fuk/entities/ereignis/5
data/events/5_-_Herstellung_-_Herstellung_von_ISMA/preservation_master/folkwang-industrial-design-isma-bx5qag.jpg	data/events/5_-_Herstellung_-_Herstellung_von_ISMA/preservation_master/folkwang-industrial-design-isma-bx5qag.jpg	md5:cb5dc99448b1c1a5803761fc8a770f61	verified	124a8bac-13e7-468e-a644-aed81973b29c	http://arkumu.org/data/fuk/entities/ereignis/5
data/events/5_-_Herstellung_-_Herstellung_von_ISMA/preservation_master/folkwang-industrial-design-isma-cc9pum.png	data/events/5_-_Herstellung_-_Herstellung_von_ISMA/preservation_master/folkwang-industrial-design-isma-cc9pum.png	md5:ea3d0a30ae31072211c1d3e78d5ec0c9	verified	124a8bac-13e7-468e-a644-aed81973b29c	http://arkumu.org/data/fuk/entities/ereignis/5
data/events/5_-_Herstellung_-_Herstellung_von_ISMA/preservation_master/folkwang-industrial-design-isma-eclhbb.jpg	data/events/5_-_Herstellung_-_Herstellung_von_ISMA/preservation_master/folkwang-industrial-design-isma-eclhbb.jpg	md5:5b60571c658956f9837311df8f595a5e	verified	124a8bac-13e7-468e-a644-aed81973b29c	http://arkumu.org/data/fuk/entities/ereignis/5
data/events/5_-_Herstellung_-_Herstellung_von_ISMA/preservation_master/folkwang-industrial-design-isma-eg8tri.png	data/events/5_-_Herstellung_-_Herstellung_von_ISMA/preservation_master/folkwang-industrial-design-isma-eg8tri.png	md5:fd5a47a311293c54e43eb83722da8998	verified	124a8bac-13e7-468e-a644-aed81973b29c	http://arkumu.org/data/fuk/entities/ereignis/5
data/events/5_-_Herstellung_-_Herstellung_von_ISMA/preservation_master/folkwang-industrial-design-isma-escjo2.jpg	data/events/5_-_Herstellung_-_Herstellung_von_ISMA/preservation_master/folkwang-industrial-design-isma-escjo2.jpg	md5:10ea62a4f3e4746cb66624e2e70e38e9	verified	124a8bac-13e7-468e-a644-aed81973b29c	http://arkumu.org/data/fuk/entities/ereignis/5
data/events/5_-_Herstellung_-_Herstellung_von_ISMA/preservation_master/folkwang-industrial-design-isma-feature-image.png	data/events/5_-_Herstellung_-_Herstellung_von_ISMA/preservation_master/folkwang-industrial-design-isma-feature-image.png	md5:1a85e0c5b1dbded68140c3048fdb3ac2	verified	124a8bac-13e7-468e-a644-aed81973b29c	http://arkumu.org/data/fuk/entities/ereignis/5
data/events/5_-_Herstellung_-_Herstellung_von_ISMA/preservation_master/folkwang-industrial-design-isma-fxdadk.jpg	data/events/5_-_Herstellung_-_Herstellung_von_ISMA/preservation_master/folkwang-industrial-design-isma-fxdadk.jpg	md5:0e0528094bc8af716bdd7dbd383150a5	verified	124a8bac-13e7-468e-a644-aed81973b29c	http://arkumu.org/data/fuk/entities/ereignis/5
data/events/5_-_Herstellung_-_Herstellung_von_ISMA/preservation_master/folkwang-industrial-design-isma-gosukx.png	data/events/5_-_Herstellung_-_Herstellung_von_ISMA/preservation_master/folkwang-industrial-design-isma-gosukx.png	md5:ee48b4e994df1c7a1e44fe912665a03a	verified	124a8bac-13e7-468e-a644-aed81973b29c	http://arkumu.org/data/fuk/entities/ereignis/5
data/events/5_-_Herstellung_-_Herstellung_von_ISMA/preservation_master/folkwang-industrial-design-isma-qboaba.png	data/events/5_-_Herstellung_-_Herstellung_von_ISMA/preservation_master/folkwang-industrial-design-isma-qboaba.png	md5:1a85e0c5b1dbded68140c3048fdb3ac2	verified	124a8bac-13e7-468e-a644-aed81973b29c	http://arkumu.org/data/fuk/entities/ereignis/5
data/events/5_-_Herstellung_-_Herstellung_von_ISMA/preservation_master/folkwang-industrial-design-isma-yblogt.jpg	data/events/5_-_Herstellung_-_Herstellung_von_ISMA/preservation_master/folkwang-industrial-design-isma-yblogt.jpg	md5:79e927b7e02d0e0323e5672323c698d0	verified	124a8bac-13e7-468e-a644-aed81973b29c	http://arkumu.org/data/fuk/entities/ereignis/5
data/events/6_-_Herstellung_-_Herstellung_von_(UN-)_DISTORTED_SELF-PERCEPTION/preservation_master/folkwang-industrial-design-_un-_distorted_self-perception-0rpbvc.jpg	data/events/6_-_Herstellung_-_Herstellung_von_(UN-)_DISTORTED_SELF-PERCEPTION/preservation_master/folkwang-industrial-design-_un-_distorted_self-perception-0rpbvc.jpg	md5:a881c50e706b42750453d41ce3d2aaba	verified	8b38e491-0a2f-404f-8a79-374533987b3e	http://arkumu.org/data/fuk/entities/ereignis/6
data/events/6_-_Herstellung_-_Herstellung_von_(UN-)_DISTORTED_SELF-PERCEPTION/preservation_master/folkwang-industrial-design-_un-_distorted_self-perception-18znib.jpg	data/events/6_-_Herstellung_-_Herstellung_von_(UN-)_DISTORTED_SELF-PERCEPTION/preservation_master/folkwang-industrial-design-_un-_distorted_self-perception-18znib.jpg	md5:86cfd961f3f797d817bb99fdaaecafe4	verified	8b38e491-0a2f-404f-8a79-374533987b3e	http://arkumu.org/data/fuk/entities/ereignis/6
data/events/6_-_Herstellung_-_Herstellung_von_(UN-)_DISTORTED_SELF-PERCEPTION/preservation_master/folkwang-industrial-design-_un-_distorted_self-perception-48meuy.jpg	data/events/6_-_Herstellung_-_Herstellung_von_(UN-)_DISTORTED_SELF-PERCEPTION/preservation_master/folkwang-industrial-design-_un-_distorted_self-perception-48meuy.jpg	md5:d4c681dc96ec185bc3f8c2193ea128f6	verified	8b38e491-0a2f-404f-8a79-374533987b3e	http://arkumu.org/data/fuk/entities/ereignis/6
data/events/6_-_Herstellung_-_Herstellung_von_(UN-)_DISTORTED_SELF-PERCEPTION/preservation_master/folkwang-industrial-design-_un-_distorted_self-perception-6fo5qh.jpg	data/events/6_-_Herstellung_-_Herstellung_von_(UN-)_DISTORTED_SELF-PERCEPTION/preservation_master/folkwang-industrial-design-_un-_distorted_self-perception-6fo5qh.jpg	md5:5fdf284f1a3759b9cf5d7c3508b37db9	verified	8b38e491-0a2f-404f-8a79-374533987b3e	http://arkumu.org/data/fuk/entities/ereignis/6
data/events/6_-_Herstellung_-_Herstellung_von_(UN-)_DISTORTED_SELF-PERCEPTION/preservation_master/folkwang-industrial-design-_un-_distorted_self-perception-bjpv4v.jpg	data/events/6_-_Herstellung_-_Herstellung_von_(UN-)_DISTORTED_SELF-PERCEPTION/preservation_master/folkwang-industrial-design-_un-_distorted_self-perception-bjpv4v.jpg	md5:36510dbe893c182ef870ae58454eb183	verified	8b38e491-0a2f-404f-8a79-374533987b3e	http://arkumu.org/data/fuk/entities/ereignis/6
data/events/6_-_Herstellung_-_Herstellung_von_(UN-)_DISTORTED_SELF-PERCEPTION/preservation_master/folkwang-industrial-design-_un-_distorted_self-perception-feature-image-2.jpg	data/events/6_-_Herstellung_-_Herstellung_von_(UN-)_DISTORTED_SELF-PERCEPTION/preservation_master/folkwang-industrial-design-_un-_distorted_self-perception-feature-image-2.jpg	md5:debf4d4d64eeb237feb50589ca2edadd	verified	8b38e491-0a2f-404f-8a79-374533987b3e	http://arkumu.org/data/fuk/entities/ereignis/6
data/events/6_-_Herstellung_-_Herstellung_von_(UN-)_DISTORTED_SELF-PERCEPTION/preservation_master/folkwang-industrial-design-_un-_distorted_self-perception-feature-image.jpg	data/events/6_-_Herstellung_-_Herstellung_von_(UN-)_DISTORTED_SELF-PERCEPTION/preservation_master/folkwang-industrial-design-_un-_distorted_self-perception-feature-image.jpg	md5:4ee4905b56a725cc869ff58e577855b6	verified	8b38e491-0a2f-404f-8a79-374533987b3e	http://arkumu.org/data/fuk/entities/ereignis/6
data/events/6_-_Herstellung_-_Herstellung_von_(UN-)_DISTORTED_SELF-PERCEPTION/preservation_master/folkwang-industrial-design-_un-_distorted_self-perception-g1mzyg.jpg	data/events/6_-_Herstellung_-_Herstellung_von_(UN-)_DISTORTED_SELF-PERCEPTION/preservation_master/folkwang-industrial-design-_un-_distorted_self-perception-g1mzyg.jpg	md5:c9a0cfdf611625397a8873df34f94a79	verified	8b38e491-0a2f-404f-8a79-374533987b3e	http://arkumu.org/data/fuk/entities/ereignis/6
data/events/6_-_Herstellung_-_Herstellung_von_(UN-)_DISTORTED_SELF-PERCEPTION/preservation_master/folkwang-industrial-design-_un-_distorted_self-perception-ll9g8m.jpg	data/events/6_-_Herstellung_-_Herstellung_von_(UN-)_DISTORTED_SELF-PERCEPTION/preservation_master/folkwang-industrial-design-_un-_distorted_self-perception-ll9g8m.jpg	md5:87c14a30b2dbfca812890f804458e760	verified	8b38e491-0a2f-404f-8a79-374533987b3e	http://arkumu.org/data/fuk/entities/ereignis/6
data/events/6_-_Herstellung_-_Herstellung_von_(UN-)_DISTORTED_SELF-PERCEPTION/preservation_master/folkwang-industrial-design-_un-_distorted_self-perception-ojhgmf.jpg	data/events/6_-_Herstellung_-_Herstellung_von_(UN-)_DISTORTED_SELF-PERCEPTION/preservation_master/folkwang-industrial-design-_un-_distorted_self-perception-ojhgmf.jpg	md5:25e316be3596189864ac4c90cbe58b6a	verified	8b38e491-0a2f-404f-8a79-374533987b3e	http://arkumu.org/data/fuk/entities/ereignis/6
data/events/6_-_Herstellung_-_Herstellung_von_(UN-)_DISTORTED_SELF-PERCEPTION/preservation_master/folkwang-industrial-design-_un-_distorted_self-perception-pqmfxw.jpg	data/events/6_-_Herstellung_-_Herstellung_von_(UN-)_DISTORTED_SELF-PERCEPTION/preservation_master/folkwang-industrial-design-_un-_distorted_self-perception-pqmfxw.jpg	md5:31ce4c9b01e5870b1f7e112c46287094	verified	8b38e491-0a2f-404f-8a79-374533987b3e	http://arkumu.org/data/fuk/entities/ereignis/6
data/events/6_-_Herstellung_-_Herstellung_von_(UN-)_DISTORTED_SELF-PERCEPTION/preservation_master/folkwang-industrial-design-_un-_distorted_self-perception-qlzalh.jpg	data/events/6_-_Herstellung_-_Herstellung_von_(UN-)_DISTORTED_SELF-PERCEPTION/preservation_master/folkwang-industrial-design-_un-_distorted_self-perception-qlzalh.jpg	md5:e294b621332220a658af400a5ffbf097	verified	8b38e491-0a2f-404f-8a79-374533987b3e	http://arkumu.org/data/fuk/entities/ereignis/6
data/events/6_-_Herstellung_-_Herstellung_von_(UN-)_DISTORTED_SELF-PERCEPTION/preservation_master/folkwang-industrial-design-_un-_distorted_self-perception-ujojhd.jpg	data/events/6_-_Herstellung_-_Herstellung_von_(UN-)_DISTORTED_SELF-PERCEPTION/preservation_master/folkwang-industrial-design-_un-_distorted_self-perception-ujojhd.jpg	md5:778aa7eddfd0c576f0e6f1897314d4a9	verified	8b38e491-0a2f-404f-8a79-374533987b3e	http://arkumu.org/data/fuk/entities/ereignis/6
data/events/6_-_Herstellung_-_Herstellung_von_(UN-)_DISTORTED_SELF-PERCEPTION/preservation_master/folkwang-industrial-design-_un-_distorted_self-perception-xgpckw.jpg	data/events/6_-_Herstellung_-_Herstellung_von_(UN-)_DISTORTED_SELF-PERCEPTION/preservation_master/folkwang-industrial-design-_un-_distorted_self-perception-xgpckw.jpg	md5:c96d2bfa62513801ebb3e63d94ca44f9	verified	8b38e491-0a2f-404f-8a79-374533987b3e	http://arkumu.org/data/fuk/entities/ereignis/6
data/events/6_-_Herstellung_-_Herstellung_von_(UN-)_DISTORTED_SELF-PERCEPTION/preservation_master/folkwang-industrial-design-_un-_distorted_self-perception-ybyqvg.jpg	data/events/6_-_Herstellung_-_Herstellung_von_(UN-)_DISTORTED_SELF-PERCEPTION/preservation_master/folkwang-industrial-design-_un-_distorted_self-perception-ybyqvg.jpg	md5:0c5932dac2d8b84c69d977f2bce2e1ec	verified	8b38e491-0a2f-404f-8a79-374533987b3e	http://arkumu.org/data/fuk/entities/ereignis/6
data/events/6_-_Herstellung_-_Herstellung_von_(UN-)_DISTORTED_SELF-PERCEPTION/preservation_master/folkwang-industrial-design-_un-_verzerrte_selbstwahrnehmung-0ghg7t.jpg	data/events/6_-_Herstellung_-_Herstellung_von_(UN-)_DISTORTED_SELF-PERCEPTION/preservation_master/folkwang-industrial-design-_un-_verzerrte_selbstwahrnehmung-0ghg7t.jpg	md5:508dc03f625df3afbe459caf1968f7a8	verified	8b38e491-0a2f-404f-8a79-374533987b3e	http://arkumu.org/data/fuk/entities/ereignis/6
data/events/6_-_Herstellung_-_Herstellung_von_(UN-)_DISTORTED_SELF-PERCEPTION/preservation_master/folkwang-industrial-design-_un-_verzerrte_selbstwahrnehmung-1yxha5.jpg	data/events/6_-_Herstellung_-_Herstellung_von_(UN-)_DISTORTED_SELF-PERCEPTION/preservation_master/folkwang-industrial-design-_un-_verzerrte_selbstwahrnehmung-1yxha5.jpg	md5:719d3daf4c43ca51b3214896313d7d23	verified	8b38e491-0a2f-404f-8a79-374533987b3e	http://arkumu.org/data/fuk/entities/ereignis/6
data/events/6_-_Herstellung_-_Herstellung_von_(UN-)_DISTORTED_SELF-PERCEPTION/preservation_master/folkwang-industrial-design-_un-_verzerrte_selbstwahrnehmung-8snz22.jpg	data/events/6_-_Herstellung_-_Herstellung_von_(UN-)_DISTORTED_SELF-PERCEPTION/preservation_master/folkwang-industrial-design-_un-_verzerrte_selbstwahrnehmung-8snz22.jpg	md5:1726544114af3c625de3e6a79a485144	verified	8b38e491-0a2f-404f-8a79-374533987b3e	http://arkumu.org/data/fuk/entities/ereignis/6
data/events/6_-_Herstellung_-_Herstellung_von_(UN-)_DISTORTED_SELF-PERCEPTION/preservation_master/folkwang-industrial-design-_un-_verzerrte_selbstwahrnehmung-axhwzs.jpg	data/events/6_-_Herstellung_-_Herstellung_von_(UN-)_DISTORTED_SELF-PERCEPTION/preservation_master/folkwang-industrial-design-_un-_verzerrte_selbstwahrnehmung-axhwzs.jpg	md5:68a6cd3cee0531cc3494eb888b272ce5	verified	8b38e491-0a2f-404f-8a79-374533987b3e	http://arkumu.org/data/fuk/entities/ereignis/6
data/events/6_-_Herstellung_-_Herstellung_von_(UN-)_DISTORTED_SELF-PERCEPTION/preservation_master/folkwang-industrial-design-_un-_verzerrte_selbstwahrnehmung-dfinqa.jpg	data/events/6_-_Herstellung_-_Herstellung_von_(UN-)_DISTORTED_SELF-PERCEPTION/preservation_master/folkwang-industrial-design-_un-_verzerrte_selbstwahrnehmung-dfinqa.jpg	md5:4fdac6688f33530eb7b5c9afbe1bebbb	verified	8b38e491-0a2f-404f-8a79-374533987b3e	http://arkumu.org/data/fuk/entities/ereignis/6
data/events/6_-_Herstellung_-_Herstellung_von_(UN-)_DISTORTED_SELF-PERCEPTION/preservation_master/folkwang-industrial-design-_un-_verzerrte_selbstwahrnehmung-emxjlj.jpg	data/events/6_-_Herstellung_-_Herstellung_von_(UN-)_DISTORTED_SELF-PERCEPTION/preservation_master/folkwang-industrial-design-_un-_verzerrte_selbstwahrnehmung-emxjlj.jpg	md5:24cc303d99e14d573b52ded438d4d218	verified	8b38e491-0a2f-404f-8a79-374533987b3e	http://arkumu.org/data/fuk/entities/ereignis/6
data/events/6_-_Herstellung_-_Herstellung_von_(UN-)_DISTORTED_SELF-PERCEPTION/preservation_master/folkwang-industrial-design-_un-_verzerrte_selbstwahrnehmung-eyzwyt.jpg	data/events/6_-_Herstellung_-_Herstellung_von_(UN-)_DISTORTED_SELF-PERCEPTION/preservation_master/folkwang-industrial-design-_un-_verzerrte_selbstwahrnehmung-eyzwyt.jpg	md5:a8a11ebd98310fdba443f4479065b95e	verified	8b38e491-0a2f-404f-8a79-374533987b3e	http://arkumu.org/data/fuk/entities/ereignis/6
data/events/6_-_Herstellung_-_Herstellung_von_(UN-)_DISTORTED_SELF-PERCEPTION/preservation_master/folkwang-industrial-design-_un-_verzerrte_selbstwahrnehmung-f9ilr7.jpg	data/events/6_-_Herstellung_-_Herstellung_von_(UN-)_DISTORTED_SELF-PERCEPTION/preservation_master/folkwang-industrial-design-_un-_verzerrte_selbstwahrnehmung-f9ilr7.jpg	md5:39d8afb412ff38c1a3d76759b5816775	verified	8b38e491-0a2f-404f-8a79-374533987b3e	http://arkumu.org/data/fuk/entities/ereignis/6
data/events/6_-_Herstellung_-_Herstellung_von_(UN-)_DISTORTED_SELF-PERCEPTION/preservation_master/folkwang-industrial-design-_un-_verzerrte_selbstwahrnehmung-gaxso8.jpg	data/events/6_-_Herstellung_-_Herstellung_von_(UN-)_DISTORTED_SELF-PERCEPTION/preservation_master/folkwang-industrial-design-_un-_verzerrte_selbstwahrnehmung-gaxso8.jpg	md5:d91229005ebbefb5e96aff17f5ad4571	verified	8b38e491-0a2f-404f-8a79-374533987b3e	http://arkumu.org/data/fuk/entities/ereignis/6
data/events/6_-_Herstellung_-_Herstellung_von_(UN-)_DISTORTED_SELF-PERCEPTION/preservation_master/folkwang-industrial-design-_un-_verzerrte_selbstwahrnehmung-geaxdl.jpg	data/events/6_-_Herstellung_-_Herstellung_von_(UN-)_DISTORTED_SELF-PERCEPTION/preservation_master/folkwang-industrial-design-_un-_verzerrte_selbstwahrnehmung-geaxdl.jpg	md5:b400983d7072f826e226ecb82e355b87	verified	8b38e491-0a2f-404f-8a79-374533987b3e	http://arkumu.org/data/fuk/entities/ereignis/6
data/events/6_-_Herstellung_-_Herstellung_von_(UN-)_DISTORTED_SELF-PERCEPTION/preservation_master/folkwang-industrial-design-_un-_verzerrte_selbstwahrnehmung-hfk0s1.jpg	data/events/6_-_Herstellung_-_Herstellung_von_(UN-)_DISTORTED_SELF-PERCEPTION/preservation_master/folkwang-industrial-design-_un-_verzerrte_selbstwahrnehmung-hfk0s1.jpg	md5:9a2cf5581ee2476de0b0ae13bd616fa8	verified	8b38e491-0a2f-404f-8a79-374533987b3e	http://arkumu.org/data/fuk/entities/ereignis/6
data/events/6_-_Herstellung_-_Herstellung_von_(UN-)_DISTORTED_SELF-PERCEPTION/preservation_master/folkwang-industrial-design-_un-_verzerrte_selbstwahrnehmung-hphmdw.jpg	data/events/6_-_Herstellung_-_Herstellung_von_(UN-)_DISTORTED_SELF-PERCEPTION/preservation_master/folkwang-industrial-design-_un-_verzerrte_selbstwahrnehmung-hphmdw.jpg	md5:0c861ab13b83749765afa06436a2651f	verified	8b38e491-0a2f-404f-8a79-374533987b3e	http://arkumu.org/data/fuk/entities/ereignis/6
data/events/6_-_Herstellung_-_Herstellung_von_(UN-)_DISTORTED_SELF-PERCEPTION/preservation_master/folkwang-industrial-design-_un-_verzerrte_selbstwahrnehmung-ilxsn4.jpg	data/events/6_-_Herstellung_-_Herstellung_von_(UN-)_DISTORTED_SELF-PERCEPTION/preservation_master/folkwang-industrial-design-_un-_verzerrte_selbstwahrnehmung-ilxsn4.jpg	md5:5b97e8b747cc87c43a2295a271bd531b	verified	8b38e491-0a2f-404f-8a79-374533987b3e	http://arkumu.org/data/fuk/entities/ereignis/6
data/events/6_-_Herstellung_-_Herstellung_von_(UN-)_DISTORTED_SELF-PERCEPTION/preservation_master/folkwang-industrial-design-_un-_verzerrte_selbstwahrnehmung-iz7y7f.jpg	data/events/6_-_Herstellung_-_Herstellung_von_(UN-)_DISTORTED_SELF-PERCEPTION/preservation_master/folkwang-industrial-design-_un-_verzerrte_selbstwahrnehmung-iz7y7f.jpg	md5:b5e55417bb6b9750e9a0cb4703229bb0	verified	8b38e491-0a2f-404f-8a79-374533987b3e	http://arkumu.org/data/fuk/entities/ereignis/6
data/events/6_-_Herstellung_-_Herstellung_von_(UN-)_DISTORTED_SELF-PERCEPTION/preservation_master/folkwang-industrial-design-_un-_verzerrte_selbstwahrnehmung-jfzna3.jpg	data/events/6_-_Herstellung_-_Herstellung_von_(UN-)_DISTORTED_SELF-PERCEPTION/preservation_master/folkwang-industrial-design-_un-_verzerrte_selbstwahrnehmung-jfzna3.jpg	md5:2b11e1358745de9132d1a15983204b2d	verified	8b38e491-0a2f-404f-8a79-374533987b3e	http://arkumu.org/data/fuk/entities/ereignis/6
data/events/6_-_Herstellung_-_Herstellung_von_(UN-)_DISTORTED_SELF-PERCEPTION/preservation_master/folkwang-industrial-design-_un-_verzerrte_selbstwahrnehmung-kstao1.jpg	data/events/6_-_Herstellung_-_Herstellung_von_(UN-)_DISTORTED_SELF-PERCEPTION/preservation_master/folkwang-industrial-design-_un-_verzerrte_selbstwahrnehmung-kstao1.jpg	md5:5e22320bfe08b8bc35bfc4d0e4c31205	verified	8b38e491-0a2f-404f-8a79-374533987b3e	http://arkumu.org/data/fuk/entities/ereignis/6
data/events/6_-_Herstellung_-_Herstellung_von_(UN-)_DISTORTED_SELF-PERCEPTION/preservation_master/folkwang-industrial-design-_un-_verzerrte_selbstwahrnehmung-nliv83.jpg	data/events/6_-_Herstellung_-_Herstellung_von_(UN-)_DISTORTED_SELF-PERCEPTION/preservation_master/folkwang-industrial-design-_un-_verzerrte_selbstwahrnehmung-nliv83.jpg	md5:515b51099d442642fff8257b33af4b3f	verified	8b38e491-0a2f-404f-8a79-374533987b3e	http://arkumu.org/data/fuk/entities/ereignis/6
data/events/6_-_Herstellung_-_Herstellung_von_(UN-)_DISTORTED_SELF-PERCEPTION/preservation_master/folkwang-industrial-design-_un-_verzerrte_selbstwahrnehmung-oafmj8.jpg	data/events/6_-_Herstellung_-_Herstellung_von_(UN-)_DISTORTED_SELF-PERCEPTION/preservation_master/folkwang-industrial-design-_un-_verzerrte_selbstwahrnehmung-oafmj8.jpg	md5:4566e4b02a87369a34165338aa52596d	verified	8b38e491-0a2f-404f-8a79-374533987b3e	http://arkumu.org/data/fuk/entities/ereignis/6
data/events/6_-_Herstellung_-_Herstellung_von_(UN-)_DISTORTED_SELF-PERCEPTION/preservation_master/folkwang-industrial-design-_un-_verzerrte_selbstwahrnehmung-oxvzc2.jpg	data/events/6_-_Herstellung_-_Herstellung_von_(UN-)_DISTORTED_SELF-PERCEPTION/preservation_master/folkwang-industrial-design-_un-_verzerrte_selbstwahrnehmung-oxvzc2.jpg	md5:45f204c63b95a8f9510cdb3d95fcbc98	verified	8b38e491-0a2f-404f-8a79-374533987b3e	http://arkumu.org/data/fuk/entities/ereignis/6
data/events/6_-_Herstellung_-_Herstellung_von_(UN-)_DISTORTED_SELF-PERCEPTION/preservation_master/folkwang-industrial-design-_un-_verzerrte_selbstwahrnehmung-qxtajz.jpg	data/events/6_-_Herstellung_-_Herstellung_von_(UN-)_DISTORTED_SELF-PERCEPTION/preservation_master/folkwang-industrial-design-_un-_verzerrte_selbstwahrnehmung-qxtajz.jpg	md5:2d25edb43fee6ac97685055214abee44	verified	8b38e491-0a2f-404f-8a79-374533987b3e	http://arkumu.org/data/fuk/entities/ereignis/6
data/events/6_-_Herstellung_-_Herstellung_von_(UN-)_DISTORTED_SELF-PERCEPTION/preservation_master/folkwang-industrial-design-_un-_verzerrte_selbstwahrnehmung-rih8ya.jpg	data/events/6_-_Herstellung_-_Herstellung_von_(UN-)_DISTORTED_SELF-PERCEPTION/preservation_master/folkwang-industrial-design-_un-_verzerrte_selbstwahrnehmung-rih8ya.jpg	md5:b852d912064b529e8aaa5efba7982e76	verified	8b38e491-0a2f-404f-8a79-374533987b3e	http://arkumu.org/data/fuk/entities/ereignis/6
data/events/6_-_Herstellung_-_Herstellung_von_(UN-)_DISTORTED_SELF-PERCEPTION/preservation_master/folkwang-industrial-design-_un-_verzerrte_selbstwahrnehmung-shcyap.jpg	data/events/6_-_Herstellung_-_Herstellung_von_(UN-)_DISTORTED_SELF-PERCEPTION/preservation_master/folkwang-industrial-design-_un-_verzerrte_selbstwahrnehmung-shcyap.jpg	md5:502876d29ae54c4e18336b073f2051cf	verified	8b38e491-0a2f-404f-8a79-374533987b3e	http://arkumu.org/data/fuk/entities/ereignis/6
data/events/6_-_Herstellung_-_Herstellung_von_(UN-)_DISTORTED_SELF-PERCEPTION/preservation_master/folkwang-industrial-design-_un-_verzerrte_selbstwahrnehmung-ssdh5o.jpg	data/events/6_-_Herstellung_-_Herstellung_von_(UN-)_DISTORTED_SELF-PERCEPTION/preservation_master/folkwang-industrial-design-_un-_verzerrte_selbstwahrnehmung-ssdh5o.jpg	md5:986ef684bc95fecc331839e6c7197e41	verified	8b38e491-0a2f-404f-8a79-374533987b3e	http://arkumu.org/data/fuk/entities/ereignis/6
data/events/6_-_Herstellung_-_Herstellung_von_(UN-)_DISTORTED_SELF-PERCEPTION/preservation_master/folkwang-industrial-design-_un-_verzerrte_selbstwahrnehmung-uffco4.jpg	data/events/6_-_Herstellung_-_Herstellung_von_(UN-)_DISTORTED_SELF-PERCEPTION/preservation_master/folkwang-industrial-design-_un-_verzerrte_selbstwahrnehmung-uffco4.jpg	md5:6408a598dd09fca3e2c104e66882428b	verified	8b38e491-0a2f-404f-8a79-374533987b3e	http://arkumu.org/data/fuk/entities/ereignis/6
data/events/6_-_Herstellung_-_Herstellung_von_(UN-)_DISTORTED_SELF-PERCEPTION/preservation_master/folkwang-industrial-design-_un-_verzerrte_selbstwahrnehmung-vf5gny.jpg	data/events/6_-_Herstellung_-_Herstellung_von_(UN-)_DISTORTED_SELF-PERCEPTION/preservation_master/folkwang-industrial-design-_un-_verzerrte_selbstwahrnehmung-vf5gny.jpg	md5:6305f34568d2b30a6e9e0f2be8c27bfe	verified	8b38e491-0a2f-404f-8a79-374533987b3e	http://arkumu.org/data/fuk/entities/ereignis/6
data/events/6_-_Herstellung_-_Herstellung_von_(UN-)_DISTORTED_SELF-PERCEPTION/preservation_master/folkwang-industrial-design-_un-_verzerrte_selbstwahrnehmung-wiyh4u.jpg	data/events/6_-_Herstellung_-_Herstellung_von_(UN-)_DISTORTED_SELF-PERCEPTION/preservation_master/folkwang-industrial-design-_un-_verzerrte_selbstwahrnehmung-wiyh4u.jpg	md5:ddae148f4629849c81665a8d1e84dd33	verified	8b38e491-0a2f-404f-8a79-374533987b3e	http://arkumu.org/data/fuk/entities/ereignis/6
data/events/6_-_Herstellung_-_Herstellung_von_(UN-)_DISTORTED_SELF-PERCEPTION/preservation_master/folkwang-industrial-design-_un-_verzerrte_selbstwahrnehmung-wxyy2c.jpg	data/events/6_-_Herstellung_-_Herstellung_von_(UN-)_DISTORTED_SELF-PERCEPTION/preservation_master/folkwang-industrial-design-_un-_verzerrte_selbstwahrnehmung-wxyy2c.jpg	md5:ce977bb44f6f175c2e979b16f39c6c9d	verified	8b38e491-0a2f-404f-8a79-374533987b3e	http://arkumu.org/data/fuk/entities/ereignis/6
data/events/6_-_Herstellung_-_Herstellung_von_(UN-)_DISTORTED_SELF-PERCEPTION/preservation_master/folkwang-industrial-design-_un-_verzerrte_selbstwahrnehmung-xhgode.jpg	data/events/6_-_Herstellung_-_Herstellung_von_(UN-)_DISTORTED_SELF-PERCEPTION/preservation_master/folkwang-industrial-design-_un-_verzerrte_selbstwahrnehmung-xhgode.jpg	md5:643938a824b31e7d5099e7361aed8fa0	verified	8b38e491-0a2f-404f-8a79-374533987b3e	http://arkumu.org/data/fuk/entities/ereignis/6
data/events/7_-_Herstellung_-_Herstellung_von_Nature_at_home/preservation_master/folkwang-industrial-design-nature_at_home-3ogioz.jpg	data/events/7_-_Herstellung_-_Herstellung_von_Nature_at_home/preservation_master/folkwang-industrial-design-nature_at_home-3ogioz.jpg	md5:034b01eb1a6af4d775edaa88cef952cb	verified	b83071c3-2f8f-4539-bbd4-1fb49898b2c8	http://arkumu.org/data/fuk/entities/ereignis/7
data/events/7_-_Herstellung_-_Herstellung_von_Nature_at_home/preservation_master/folkwang-industrial-design-nature_at_home-9iv3tf.jpg	data/events/7_-_Herstellung_-_Herstellung_von_Nature_at_home/preservation_master/folkwang-industrial-design-nature_at_home-9iv3tf.jpg	md5:07b1a05b80a8660bf606edfa32bf23f0	verified	b83071c3-2f8f-4539-bbd4-1fb49898b2c8	http://arkumu.org/data/fuk/entities/ereignis/7
data/events/7_-_Herstellung_-_Herstellung_von_Nature_at_home/preservation_master/folkwang-industrial-design-nature_at_home-anhabx.jpg	data/events/7_-_Herstellung_-_Herstellung_von_Nature_at_home/preservation_master/folkwang-industrial-design-nature_at_home-anhabx.jpg	md5:3c56b0bebbf535a4abd68a999ad12ff6	verified	b83071c3-2f8f-4539-bbd4-1fb49898b2c8	http://arkumu.org/data/fuk/entities/ereignis/7
data/events/7_-_Herstellung_-_Herstellung_von_Nature_at_home/preservation_master/folkwang-industrial-design-nature_at_home-feature-image-1.jpg	data/events/7_-_Herstellung_-_Herstellung_von_Nature_at_home/preservation_master/folkwang-industrial-design-nature_at_home-feature-image-1.jpg	md5:a65829e04e3fd2dd355af9e339fa42bb	verified	b83071c3-2f8f-4539-bbd4-1fb49898b2c8	http://arkumu.org/data/fuk/entities/ereignis/7
data/events/7_-_Herstellung_-_Herstellung_von_Nature_at_home/preservation_master/folkwang-industrial-design-nature_at_home-fjhblp.jpg	data/events/7_-_Herstellung_-_Herstellung_von_Nature_at_home/preservation_master/folkwang-industrial-design-nature_at_home-fjhblp.jpg	md5:cdda8f9d536bcd11d4e8b79a6c11801e	verified	b83071c3-2f8f-4539-bbd4-1fb49898b2c8	http://arkumu.org/data/fuk/entities/ereignis/7
data/events/7_-_Herstellung_-_Herstellung_von_Nature_at_home/preservation_master/folkwang-industrial-design-nature_at_home-jpttcl.jpg	data/events/7_-_Herstellung_-_Herstellung_von_Nature_at_home/preservation_master/folkwang-industrial-design-nature_at_home-jpttcl.jpg	md5:d81c9cc451f6dd338b793ea3d80523c7	verified	b83071c3-2f8f-4539-bbd4-1fb49898b2c8	http://arkumu.org/data/fuk/entities/ereignis/7
data/events/7_-_Herstellung_-_Herstellung_von_Nature_at_home/preservation_master/folkwang-industrial-design-nature_at_home-nbqvvu.jpg	data/events/7_-_Herstellung_-_Herstellung_von_Nature_at_home/preservation_master/folkwang-industrial-design-nature_at_home-nbqvvu.jpg	md5:cd2c610de199bc4d0adeeba5e08960b4	verified	b83071c3-2f8f-4539-bbd4-1fb49898b2c8	http://arkumu.org/data/fuk/entities/ereignis/7
data/events/7_-_Herstellung_-_Herstellung_von_Nature_at_home/preservation_master/folkwang-industrial-design-nature_at_home-owvoaf.jpg	data/events/7_-_Herstellung_-_Herstellung_von_Nature_at_home/preservation_master/folkwang-industrial-design-nature_at_home-owvoaf.jpg	md5:d65b55c094dc2bb6f48e7d6df658c9de	verified	b83071c3-2f8f-4539-bbd4-1fb49898b2c8	http://arkumu.org/data/fuk/entities/ereignis/7
data/events/7_-_Herstellung_-_Herstellung_von_Nature_at_home/preservation_master/folkwang-industrial-design-nature_at_home-te9p6f.jpg	data/events/7_-_Herstellung_-_Herstellung_von_Nature_at_home/preservation_master/folkwang-industrial-design-nature_at_home-te9p6f.jpg	md5:0bb3bad8d3e6145bd12215a3c71645f3	verified	b83071c3-2f8f-4539-bbd4-1fb49898b2c8	http://arkumu.org/data/fuk/entities/ereignis/7
data/events/7_-_Herstellung_-_Herstellung_von_Nature_at_home/preservation_master/folkwang-industrial-design-nature_at_home-tyynz8.jpg	data/events/7_-_Herstellung_-_Herstellung_von_Nature_at_home/preservation_master/folkwang-industrial-design-nature_at_home-tyynz8.jpg	md5:5389c4bfd11a2120c82b74110fecf680	verified	b83071c3-2f8f-4539-bbd4-1fb49898b2c8	http://arkumu.org/data/fuk/entities/ereignis/7
data/events/8_-_Herstellung_-_Herstellung_von_ZAKAZ/preservation_master/folkwang-industrial-design-zakaz-4wocod.jpg	data/events/8_-_Herstellung_-_Herstellung_von_ZAKAZ/preservation_master/folkwang-industrial-design-zakaz-4wocod.jpg	md5:ad5b6e393b06bcb9c8d92079af5091a5	verified	d0bba7a2-3c20-499d-900d-fbde109a4309	http://arkumu.org/data/fuk/entities/ereignis/8
data/events/8_-_Herstellung_-_Herstellung_von_ZAKAZ/preservation_master/folkwang-industrial-design-zakaz-4xscqy.jpg	data/events/8_-_Herstellung_-_Herstellung_von_ZAKAZ/preservation_master/folkwang-industrial-design-zakaz-4xscqy.jpg	md5:ca8358de89e5fd2ad9331745dc47c425	verified	d0bba7a2-3c20-499d-900d-fbde109a4309	http://arkumu.org/data/fuk/entities/ereignis/8
data/events/8_-_Herstellung_-_Herstellung_von_ZAKAZ/preservation_master/folkwang-industrial-design-zakaz-feature-image-1.jpg	data/events/8_-_Herstellung_-_Herstellung_von_ZAKAZ/preservation_master/folkwang-industrial-design-zakaz-feature-image-1.jpg	md5:d76882f49efc510df552169d4dbf0680	verified	d0bba7a2-3c20-499d-900d-fbde109a4309	http://arkumu.org/data/fuk/entities/ereignis/8
data/events/8_-_Herstellung_-_Herstellung_von_ZAKAZ/preservation_master/folkwang-industrial-design-zakaz-ln8uvl.jpg	data/events/8_-_Herstellung_-_Herstellung_von_ZAKAZ/preservation_master/folkwang-industrial-design-zakaz-ln8uvl.jpg	md5:10206ca15aaca36aa42d9e9ebf1ad045	verified	d0bba7a2-3c20-499d-900d-fbde109a4309	http://arkumu.org/data/fuk/entities/ereignis/8
data/events/8_-_Herstellung_-_Herstellung_von_ZAKAZ/preservation_master/folkwang-industrial-design-zakaz-px30iw.jpg	data/events/8_-_Herstellung_-_Herstellung_von_ZAKAZ/preservation_master/folkwang-industrial-design-zakaz-px30iw.jpg	md5:cee656288f9650784c30e78cf34bc6b8	verified	d0bba7a2-3c20-499d-900d-fbde109a4309	http://arkumu.org/data/fuk/entities/ereignis/8
data/events/9_-_Herstellung_-_Herstellung_von_„Please_do_not_leave_your_luggage_unattended“/preservation_master/folkwang-industrial-design-_please_do_not_leave_your_luggage_unattended-8zczen.jpg	data/events/9_-_Herstellung_-_Herstellung_von_„Please_do_not_leave_your_luggage_unattended“/preservation_master/folkwang-industrial-design-_please_do_not_leave_your_luggage_unattended-8zczen.jpg	md5:0409ffeba27d2e5826c0353a24f3fc46	verified	78c01c81-1350-4d96-b7f6-e3ef0651756a	http://arkumu.org/data/fuk/entities/ereignis/9
data/events/9_-_Herstellung_-_Herstellung_von_„Please_do_not_leave_your_luggage_unattended“/preservation_master/folkwang-industrial-design-_please_do_not_leave_your_luggage_unattended-95nzyn.jpg	data/events/9_-_Herstellung_-_Herstellung_von_„Please_do_not_leave_your_luggage_unattended“/preservation_master/folkwang-industrial-design-_please_do_not_leave_your_luggage_unattended-95nzyn.jpg	md5:b8fa557c72448bcc41cea1fc93231369	verified	78c01c81-1350-4d96-b7f6-e3ef0651756a	http://arkumu.org/data/fuk/entities/ereignis/9
data/events/9_-_Herstellung_-_Herstellung_von_„Please_do_not_leave_your_luggage_unattended“/preservation_master/folkwang-industrial-design-_please_do_not_leave_your_luggage_unattended-9fsv6h.jpg	data/events/9_-_Herstellung_-_Herstellung_von_„Please_do_not_leave_your_luggage_unattended“/preservation_master/folkwang-industrial-design-_please_do_not_leave_your_luggage_unattended-9fsv6h.jpg	md5:7788a7ab267383d81c8915e42903a5b1	verified	78c01c81-1350-4d96-b7f6-e3ef0651756a	http://arkumu.org/data/fuk/entities/ereignis/9
data/events/9_-_Herstellung_-_Herstellung_von_„Please_do_not_leave_your_luggage_unattended“/preservation_master/folkwang-industrial-design-_please_do_not_leave_your_luggage_unattended-e7cdm0.jpg	data/events/9_-_Herstellung_-_Herstellung_von_„Please_do_not_leave_your_luggage_unattended“/preservation_master/folkwang-industrial-design-_please_do_not_leave_your_luggage_unattended-e7cdm0.jpg	md5:3720c22e2143d67f4f33c55e14ca1327	verified	78c01c81-1350-4d96-b7f6-e3ef0651756a	http://arkumu.org/data/fuk/entities/ereignis/9
data/events/9_-_Herstellung_-_Herstellung_von_„Please_do_not_leave_your_luggage_unattended“/preservation_master/folkwang-industrial-design-_please_do_not_leave_your_luggage_unattended-feature-image.jpg	data/events/9_-_Herstellung_-_Herstellung_von_„Please_do_not_leave_your_luggage_unattended“/preservation_master/folkwang-industrial-design-_please_do_not_leave_your_luggage_unattended-feature-image.jpg	md5:24ed48ce00de744267100930d551664c	verified	78c01c81-1350-4d96-b7f6-e3ef0651756a	http://arkumu.org/data/fuk/entities/ereignis/9
data/events/9_-_Herstellung_-_Herstellung_von_„Please_do_not_leave_your_luggage_unattended“/preservation_master/folkwang-industrial-design-_please_do_not_leave_your_luggage_unattended-g5mivr.jpg	data/events/9_-_Herstellung_-_Herstellung_von_„Please_do_not_leave_your_luggage_unattended“/preservation_master/folkwang-industrial-design-_please_do_not_leave_your_luggage_unattended-g5mivr.jpg	md5:c903a796fae390965f4931a3587045e7	verified	78c01c81-1350-4d96-b7f6-e3ef0651756a	http://arkumu.org/data/fuk/entities/ereignis/9
data/events/9_-_Herstellung_-_Herstellung_von_„Please_do_not_leave_your_luggage_unattended“/preservation_master/folkwang-industrial-design-_please_do_not_leave_your_luggage_unattended-hkgaae.jpg	data/events/9_-_Herstellung_-_Herstellung_von_„Please_do_not_leave_your_luggage_unattended“/preservation_master/folkwang-industrial-design-_please_do_not_leave_your_luggage_unattended-hkgaae.jpg	md5:cd08bf8c097ef187fdf2e60e0a89f3ad	verified	78c01c81-1350-4d96-b7f6-e3ef0651756a	http://arkumu.org/data/fuk/entities/ereignis/9
data/events/9_-_Herstellung_-_Herstellung_von_„Please_do_not_leave_your_luggage_unattended“/preservation_master/folkwang-industrial-design-_please_do_not_leave_your_luggage_unattended-ie20gg.jpg	data/events/9_-_Herstellung_-_Herstellung_von_„Please_do_not_leave_your_luggage_unattended“/preservation_master/folkwang-industrial-design-_please_do_not_leave_your_luggage_unattended-ie20gg.jpg	md5:2256bd0ddee148d4efd96e8bbad32362	verified	78c01c81-1350-4d96-b7f6-e3ef0651756a	http://arkumu.org/data/fuk/entities/ereignis/9
data/events/9_-_Herstellung_-_Herstellung_von_„Please_do_not_leave_your_luggage_unattended“/preservation_master/folkwang-industrial-design-_please_do_not_leave_your_luggage_unattended-jf2tyt.jpg	data/events/9_-_Herstellung_-_Herstellung_von_„Please_do_not_leave_your_luggage_unattended“/preservation_master/folkwang-industrial-design-_please_do_not_leave_your_luggage_unattended-jf2tyt.jpg	md5:a5fb29c007d8afa29b92fa63ac808dfb	verified	78c01c81-1350-4d96-b7f6-e3ef0651756a	http://arkumu.org/data/fuk/entities/ereignis/9
data/events/9_-_Herstellung_-_Herstellung_von_„Please_do_not_leave_your_luggage_unattended“/preservation_master/folkwang-industrial-design-_please_do_not_leave_your_luggage_unattended-kekayw.jpg	data/events/9_-_Herstellung_-_Herstellung_von_„Please_do_not_leave_your_luggage_unattended“/preservation_master/folkwang-industrial-design-_please_do_not_leave_your_luggage_unattended-kekayw.jpg	md5:342cf14de577f64c01637fe77b34eec6	verified	78c01c81-1350-4d96-b7f6-e3ef0651756a	http://arkumu.org/data/fuk/entities/ereignis/9
data/events/9_-_Herstellung_-_Herstellung_von_„Please_do_not_leave_your_luggage_unattended“/preservation_master/folkwang-industrial-design-_please_do_not_leave_your_luggage_unattended-sljqlf.jpg	data/events/9_-_Herstellung_-_Herstellung_von_„Please_do_not_leave_your_luggage_unattended“/preservation_master/folkwang-industrial-design-_please_do_not_leave_your_luggage_unattended-sljqlf.jpg	md5:63787fec12915f85a63386215914b6f8	verified	78c01c81-1350-4d96-b7f6-e3ef0651756a	http://arkumu.org/data/fuk/entities/ereignis/9
data/events/9_-_Herstellung_-_Herstellung_von_„Please_do_not_leave_your_luggage_unattended“/preservation_master/folkwang-industrial-design-_please_do_not_leave_your_luggage_unattended-tau3bf.jpg	data/events/9_-_Herstellung_-_Herstellung_von_„Please_do_not_leave_your_luggage_unattended“/preservation_master/folkwang-industrial-design-_please_do_not_leave_your_luggage_unattended-tau3bf.jpg	md5:829c598235a8b6d32996628095b86324	verified	78c01c81-1350-4d96-b7f6-e3ef0651756a	http://arkumu.org/data/fuk/entities/ereignis/9
data/events/9_-_Herstellung_-_Herstellung_von_„Please_do_not_leave_your_luggage_unattended“/preservation_master/folkwang-industrial-design-_please_do_not_leave_your_luggage_unattended-ytjvid.jpg	data/events/9_-_Herstellung_-_Herstellung_von_„Please_do_not_leave_your_luggage_unattended“/preservation_master/folkwang-industrial-design-_please_do_not_leave_your_luggage_unattended-ytjvid.jpg	md5:e33f50ddfe3090dd47b6839df320a518	verified	78c01c81-1350-4d96-b7f6-e3ef0651756a	http://arkumu.org/data/fuk/entities/ereignis/9
metadata/AkteurIn.csv	metadata/AkteurIn.csv	md5:a2fd6b5f782ce174b54259088b5a860a	verified		
metadata/AkteurIn_AkteurIn_Kreuztabelle.csv	metadata/AkteurIn_AkteurIn_Kreuztabelle.csv	md5:31fa9ddb1687c4ac539b8faf6b0ff869	verified		
metadata/AkteurIn_Ereignis_Kreuztabelle.csv	metadata/AkteurIn_Ereignis_Kreuztabelle.csv	md5:3c7ed7bd134cc94bc69fbfcb19015e22	verified		
metadata/Alternativer_Titel.csv	metadata/Alternativer_Titel.csv	md5:971dc0143792204b3dbc9ad4625a9516	verified		
metadata/Beschreibung.csv	metadata/Beschreibung.csv	md5:65554239507a8652c93cde61078e14df	verified		
metadata/Bestehender_Lizenzvertrag.csv	metadata/Bestehender_Lizenzvertrag.csv	md5:56d92f735b70ad76e78b33a2bdb2ee1b	verified		
metadata/Digitales-Objekt-Lizenz.csv	metadata/Digitales-Objekt-Lizenz.csv	md5:c8aa48dec8f9652b045cdfd4a38e6973	verified		
metadata/Digitales_Objekt.csv	metadata/Digitales_Objekt.csv	md5:5b2f34509d61d5e253a7f855a6be8b76	verified		
metadata/Einliefernde_Hochschule.csv	metadata/Einliefernde_Hochschule.csv	md5:da23bba74c56c915021f01e748bb350f	verified		
metadata/Equipment_und_Software.csv	metadata/Equipment_und_Software.csv	md5:9f8289c56e1fcad99b4041035cbbe20e	verified		
metadata/Equipmentart.csv	metadata/Equipmentart.csv	md5:310dafbbea981d1da73fa0b108133adf	verified		
metadata/Ereignis.csv	metadata/Ereignis.csv	md5:594c1f1285ee443109368b606a035639	verified		
metadata/Ereignis_Ereignis_Kreuztabelle.csv	metadata/Ereignis_Ereignis_Kreuztabelle.csv	md5:33f63847ccaa6a0f8d881edf3a5c5c59	verified		
metadata/Ereignisbeschreibung.csv	metadata/Ereignisbeschreibung.csv	md5:356d0618ce411d02effcc460ac1aa4b7	verified		
metadata/Ereignistyp.csv	metadata/Ereignistyp.csv	md5:c589be01765f74d2978da1cb15743730	verified		
metadata/Informationsträger.csv	metadata/Informationsträger.csv	md5:8f092dd507a9aa5c65b43abac6deb36e	verified		
metadata/Informationsträger_Kreuztabelle.csv	metadata/Informationsträger_Kreuztabelle.csv	md5:0ba8082cea20d40b3d93fdfb0213f1ae	verified		
metadata/Informationsträgereigenschaft.csv	metadata/Informationsträgereigenschaft.csv	md5:22619dd38baf4cc6d1e218daaa20b94a	verified		
metadata/Informationsträgertyp.csv	metadata/Informationsträgertyp.csv	md5:c7d6f09426fbb98cdebb168964b0e006	verified		
metadata/Materialschlagwort.csv	metadata/Materialschlagwort.csv	md5:d8e2904ac90b982c4758d949bd99c405	verified		
metadata/Nummernart.csv	metadata/Nummernart.csv	md5:95fa3b012f457142a053c79e8d07c10e	verified		
metadata/Organisationseinheit.csv	metadata/Organisationseinheit.csv	md5:e4206aa8fa37209d776af8cb65301862	verified		
metadata/Ort.csv	metadata/Ort.csv	md5:162af20e606b04f40e313fd4c83650e4	verified		
metadata/Physisches_Objekt.csv	metadata/Physisches_Objekt.csv	md5:bc309dc967263e0ffc6fb8d54c7e9d08	verified		
metadata/ProduktID_Kreuztabelle.csv	metadata/ProduktID_Kreuztabelle.csv	md5:67d07922b1ff71cd4fb62faa91351ae4	verified		
metadata/Projekt.csv	metadata/Projekt.csv	md5:d812acd562a8da17c122a0c203b32098	verified		
metadata/Projekt_Projekt_Kreuztabelle.csv	metadata/Projekt_Projekt_Kreuztabelle.csv	md5:dfb2d2f7503ad4b50674ee36ea58889e	verified		
metadata/Projektart.csv	metadata/Projektart.csv	md5:d0f31975ed592974fb85e75371c8d65c	verified		
metadata/Projekteigenschaft.csv	metadata/Projekteigenschaft.csv	md5:f9f6a82f1443bee733e4d125a0bd721e	verified		
metadata/Projekteigenschaft_Kreuztabelle.csv	metadata/Projekteigenschaft_Kreuztabelle.csv	md5:0c7f3835049385b8f74da28008d14515	verified		
metadata/Projektkategorie.csv	metadata/Projektkategorie.csv	md5:48891b579eec3d2473adce72766f8302	verified		
metadata/Rolle.csv	metadata/Rolle.csv	md5:51bf3e087a7be23fb4012f8fe25aaccc	verified		
metadata/Sammlung.csv	metadata/Sammlung.csv	md5:289e7b6842b26bd433eec9a329770145	verified		
metadata/Schlagwort.csv	metadata/Schlagwort.csv	md5:e25c77d4cfbc9d49c3ef2be19a2f2d35	verified		
metadata/Sprache.csv	metadata/Sprache.csv	md5:4196a1e36f695056e3f5561baadbaafb	verified		
